[{"model": "auth.permission", "pk": 1, "fields": {"name": "Can use Structure mode", "content_type": 1, "codename": "use_structure"}}, {"model": "auth.permission", "pk": 2, "fields": {"name": "Can change page", "content_type": 2, "codename": "change_page"}}, {"model": "auth.permission", "pk": 3, "fields": {"name": "Can add permission", "content_type": 3, "codename": "add_permission"}}, {"model": "auth.permission", "pk": 4, "fields": {"name": "Can change permission", "content_type": 3, "codename": "change_permission"}}, {"model": "auth.permission", "pk": 5, "fields": {"name": "Can delete permission", "content_type": 3, "codename": "delete_permission"}}, {"model": "auth.permission", "pk": 6, "fields": {"name": "Can view permission", "content_type": 3, "codename": "view_permission"}}, {"model": "auth.permission", "pk": 7, "fields": {"name": "Can add group", "content_type": 4, "codename": "add_group"}}, {"model": "auth.permission", "pk": 8, "fields": {"name": "Can change group", "content_type": 4, "codename": "change_group"}}, {"model": "auth.permission", "pk": 9, "fields": {"name": "Can delete group", "content_type": 4, "codename": "delete_group"}}, {"model": "auth.permission", "pk": 10, "fields": {"name": "Can view group", "content_type": 4, "codename": "view_group"}}, {"model": "auth.permission", "pk": 11, "fields": {"name": "Can add user", "content_type": 5, "codename": "add_user"}}, {"model": "auth.permission", "pk": 12, "fields": {"name": "Can change user", "content_type": 5, "codename": "change_user"}}, {"model": "auth.permission", "pk": 13, "fields": {"name": "Can delete user", "content_type": 5, "codename": "delete_user"}}, {"model": "auth.permission", "pk": 14, "fields": {"name": "Can view user", "content_type": 5, "codename": "view_user"}}, {"model": "auth.permission", "pk": 15, "fields": {"name": "Can add content type", "content_type": 6, "codename": "add_contenttype"}}, {"model": "auth.permission", "pk": 16, "fields": {"name": "Can change content type", "content_type": 6, "codename": "change_contenttype"}}, {"model": "auth.permission", "pk": 17, "fields": {"name": "Can delete content type", "content_type": 6, "codename": "delete_contenttype"}}, {"model": "auth.permission", "pk": 18, "fields": {"name": "Can view content type", "content_type": 6, "codename": "view_contenttype"}}, {"model": "auth.permission", "pk": 19, "fields": {"name": "Can add session", "content_type": 7, "codename": "add_session"}}, {"model": "auth.permission", "pk": 20, "fields": {"name": "Can change session", "content_type": 7, "codename": "change_session"}}, {"model": "auth.permission", "pk": 21, "fields": {"name": "Can delete session", "content_type": 7, "codename": "delete_session"}}, {"model": "auth.permission", "pk": 22, "fields": {"name": "Can view session", "content_type": 7, "codename": "view_session"}}, {"model": "auth.permission", "pk": 23, "fields": {"name": "Can add log entry", "content_type": 8, "codename": "add_logentry"}}, {"model": "auth.permission", "pk": 24, "fields": {"name": "Can change log entry", "content_type": 8, "codename": "change_logentry"}}, {"model": "auth.permission", "pk": 25, "fields": {"name": "Can delete log entry", "content_type": 8, "codename": "delete_logentry"}}, {"model": "auth.permission", "pk": 26, "fields": {"name": "Can view log entry", "content_type": 8, "codename": "view_logentry"}}, {"model": "auth.permission", "pk": 27, "fields": {"name": "Can add site", "content_type": 9, "codename": "add_site"}}, {"model": "auth.permission", "pk": 28, "fields": {"name": "Can change site", "content_type": 9, "codename": "change_site"}}, {"model": "auth.permission", "pk": 29, "fields": {"name": "Can delete site", "content_type": 9, "codename": "delete_site"}}, {"model": "auth.permission", "pk": 30, "fields": {"name": "Can view site", "content_type": 9, "codename": "view_site"}}, {"model": "auth.permission", "pk": 31, "fields": {"name": "Can add cms plugin", "content_type": 10, "codename": "add_cmsplugin"}}, {"model": "auth.permission", "pk": 32, "fields": {"name": "Can change cms plugin", "content_type": 10, "codename": "change_cmsplugin"}}, {"model": "auth.permission", "pk": 33, "fields": {"name": "Can delete cms plugin", "content_type": 10, "codename": "delete_cmsplugin"}}, {"model": "auth.permission", "pk": 34, "fields": {"name": "Can view cms plugin", "content_type": 10, "codename": "view_cmsplugin"}}, {"model": "auth.permission", "pk": 35, "fields": {"name": "Can add alias plugin model", "content_type": 11, "codename": "add_aliaspluginmodel"}}, {"model": "auth.permission", "pk": 36, "fields": {"name": "Can change alias plugin model", "content_type": 11, "codename": "change_aliaspluginmodel"}}, {"model": "auth.permission", "pk": 37, "fields": {"name": "Can delete alias plugin model", "content_type": 11, "codename": "delete_aliaspluginmodel"}}, {"model": "auth.permission", "pk": 38, "fields": {"name": "Can view alias plugin model", "content_type": 11, "codename": "view_aliaspluginmodel"}}, {"model": "auth.permission", "pk": 39, "fields": {"name": "Can add Page global permission", "content_type": 12, "codename": "add_globalpagepermission"}}, {"model": "auth.permission", "pk": 40, "fields": {"name": "Can change Page global permission", "content_type": 12, "codename": "change_globalpagepermission"}}, {"model": "auth.permission", "pk": 41, "fields": {"name": "Can delete Page global permission", "content_type": 12, "codename": "delete_globalpagepermission"}}, {"model": "auth.permission", "pk": 42, "fields": {"name": "Can view Page global permission", "content_type": 12, "codename": "view_globalpagepermission"}}, {"model": "auth.permission", "pk": 43, "fields": {"name": "Can add page", "content_type": 2, "codename": "add_page"}}, {"model": "auth.permission", "pk": 44, "fields": {"name": "Can delete page", "content_type": 2, "codename": "delete_page"}}, {"model": "auth.permission", "pk": 45, "fields": {"name": "Can view page", "content_type": 2, "codename": "view_page"}}, {"model": "auth.permission", "pk": 46, "fields": {"name": "Can publish page", "content_type": 2, "codename": "publish_page"}}, {"model": "auth.permission", "pk": 47, "fields": {"name": "Can edit static placeholders", "content_type": 2, "codename": "edit_static_placeholder"}}, {"model": "auth.permission", "pk": 48, "fields": {"name": "Can add Page permission", "content_type": 13, "codename": "add_pagepermission"}}, {"model": "auth.permission", "pk": 49, "fields": {"name": "Can change Page permission", "content_type": 13, "codename": "change_pagepermission"}}, {"model": "auth.permission", "pk": 50, "fields": {"name": "Can delete Page permission", "content_type": 13, "codename": "delete_pagepermission"}}, {"model": "auth.permission", "pk": 51, "fields": {"name": "Can view Page permission", "content_type": 13, "codename": "view_pagepermission"}}, {"model": "auth.permission", "pk": 52, "fields": {"name": "Can add User (page)", "content_type": 14, "codename": "add_pageuser"}}, {"model": "auth.permission", "pk": 53, "fields": {"name": "Can change User (page)", "content_type": 14, "codename": "change_pageuser"}}, {"model": "auth.permission", "pk": 54, "fields": {"name": "Can delete User (page)", "content_type": 14, "codename": "delete_pageuser"}}, {"model": "auth.permission", "pk": 55, "fields": {"name": "Can view User (page)", "content_type": 14, "codename": "view_pageuser"}}, {"model": "auth.permission", "pk": 56, "fields": {"name": "Can add User group (page)", "content_type": 15, "codename": "add_pageusergroup"}}, {"model": "auth.permission", "pk": 57, "fields": {"name": "Can change User group (page)", "content_type": 15, "codename": "change_pageusergroup"}}, {"model": "auth.permission", "pk": 58, "fields": {"name": "Can delete User group (page)", "content_type": 15, "codename": "delete_pageusergroup"}}, {"model": "auth.permission", "pk": 59, "fields": {"name": "Can view User group (page)", "content_type": 15, "codename": "view_pageusergroup"}}, {"model": "auth.permission", "pk": 60, "fields": {"name": "Can add placeholder", "content_type": 1, "codename": "add_placeholder"}}, {"model": "auth.permission", "pk": 61, "fields": {"name": "Can change placeholder", "content_type": 1, "codename": "change_placeholder"}}, {"model": "auth.permission", "pk": 62, "fields": {"name": "Can delete placeholder", "content_type": 1, "codename": "delete_placeholder"}}, {"model": "auth.permission", "pk": 63, "fields": {"name": "Can view placeholder", "content_type": 1, "codename": "view_placeholder"}}, {"model": "auth.permission", "pk": 64, "fields": {"name": "Can add placeholder reference", "content_type": 16, "codename": "add_placeholderreference"}}, {"model": "auth.permission", "pk": 65, "fields": {"name": "Can change placeholder reference", "content_type": 16, "codename": "change_placeholderreference"}}, {"model": "auth.permission", "pk": 66, "fields": {"name": "Can delete placeholder reference", "content_type": 16, "codename": "delete_placeholderreference"}}, {"model": "auth.permission", "pk": 67, "fields": {"name": "Can view placeholder reference", "content_type": 16, "codename": "view_placeholderreference"}}, {"model": "auth.permission", "pk": 68, "fields": {"name": "Can add static placeholder", "content_type": 17, "codename": "add_staticplaceholder"}}, {"model": "auth.permission", "pk": 69, "fields": {"name": "Can change static placeholder", "content_type": 17, "codename": "change_staticplaceholder"}}, {"model": "auth.permission", "pk": 70, "fields": {"name": "Can delete static placeholder", "content_type": 17, "codename": "delete_staticplaceholder"}}, {"model": "auth.permission", "pk": 71, "fields": {"name": "Can view static placeholder", "content_type": 17, "codename": "view_staticplaceholder"}}, {"model": "auth.permission", "pk": 72, "fields": {"name": "Can add title", "content_type": 18, "codename": "add_title"}}, {"model": "auth.permission", "pk": 73, "fields": {"name": "Can change title", "content_type": 18, "codename": "change_title"}}, {"model": "auth.permission", "pk": 74, "fields": {"name": "Can delete title", "content_type": 18, "codename": "delete_title"}}, {"model": "auth.permission", "pk": 75, "fields": {"name": "Can view title", "content_type": 18, "codename": "view_title"}}, {"model": "auth.permission", "pk": 76, "fields": {"name": "Can add user setting", "content_type": 19, "codename": "add_usersettings"}}, {"model": "auth.permission", "pk": 77, "fields": {"name": "Can change user setting", "content_type": 19, "codename": "change_usersettings"}}, {"model": "auth.permission", "pk": 78, "fields": {"name": "Can delete user setting", "content_type": 19, "codename": "delete_usersettings"}}, {"model": "auth.permission", "pk": 79, "fields": {"name": "Can view user setting", "content_type": 19, "codename": "view_usersettings"}}, {"model": "auth.permission", "pk": 80, "fields": {"name": "Can add urlconf revision", "content_type": 20, "codename": "add_urlconfrevision"}}, {"model": "auth.permission", "pk": 81, "fields": {"name": "Can change urlconf revision", "content_type": 20, "codename": "change_urlconfrevision"}}, {"model": "auth.permission", "pk": 82, "fields": {"name": "Can delete urlconf revision", "content_type": 20, "codename": "delete_urlconfrevision"}}, {"model": "auth.permission", "pk": 83, "fields": {"name": "Can view urlconf revision", "content_type": 20, "codename": "view_urlconfrevision"}}, {"model": "auth.permission", "pk": 84, "fields": {"name": "Can add cache key", "content_type": 23, "codename": "add_cachekey"}}, {"model": "auth.permission", "pk": 85, "fields": {"name": "Can change cache key", "content_type": 23, "codename": "change_cachekey"}}, {"model": "auth.permission", "pk": 86, "fields": {"name": "Can delete cache key", "content_type": 23, "codename": "delete_cachekey"}}, {"model": "auth.permission", "pk": 87, "fields": {"name": "Can view cache key", "content_type": 23, "codename": "view_cachekey"}}, {"model": "auth.permission", "pk": 88, "fields": {"name": "Can add text", "content_type": 24, "codename": "add_text"}}, {"model": "auth.permission", "pk": 89, "fields": {"name": "Can change text", "content_type": 24, "codename": "change_text"}}, {"model": "auth.permission", "pk": 90, "fields": {"name": "Can delete text", "content_type": 24, "codename": "delete_text"}}, {"model": "auth.permission", "pk": 91, "fields": {"name": "Can view text", "content_type": 24, "codename": "view_text"}}, {"model": "auth.permission", "pk": 92, "fields": {"name": "Can add clipboard", "content_type": 25, "codename": "add_clipboard"}}, {"model": "auth.permission", "pk": 93, "fields": {"name": "Can change clipboard", "content_type": 25, "codename": "change_clipboard"}}, {"model": "auth.permission", "pk": 94, "fields": {"name": "Can delete clipboard", "content_type": 25, "codename": "delete_clipboard"}}, {"model": "auth.permission", "pk": 95, "fields": {"name": "Can view clipboard", "content_type": 25, "codename": "view_clipboard"}}, {"model": "auth.permission", "pk": 96, "fields": {"name": "Can add clipboard item", "content_type": 26, "codename": "add_clipboarditem"}}, {"model": "auth.permission", "pk": 97, "fields": {"name": "Can change clipboard item", "content_type": 26, "codename": "change_clipboarditem"}}, {"model": "auth.permission", "pk": 98, "fields": {"name": "Can delete clipboard item", "content_type": 26, "codename": "delete_clipboarditem"}}, {"model": "auth.permission", "pk": 99, "fields": {"name": "Can view clipboard item", "content_type": 26, "codename": "view_clipboarditem"}}, {"model": "auth.permission", "pk": 100, "fields": {"name": "Can add file", "content_type": 27, "codename": "add_file"}}, {"model": "auth.permission", "pk": 101, "fields": {"name": "Can change file", "content_type": 27, "codename": "change_file"}}, {"model": "auth.permission", "pk": 102, "fields": {"name": "Can delete file", "content_type": 27, "codename": "delete_file"}}, {"model": "auth.permission", "pk": 103, "fields": {"name": "Can view file", "content_type": 27, "codename": "view_file"}}, {"model": "auth.permission", "pk": 104, "fields": {"name": "Can add Folder", "content_type": 28, "codename": "add_folder"}}, {"model": "auth.permission", "pk": 105, "fields": {"name": "Can change Folder", "content_type": 28, "codename": "change_folder"}}, {"model": "auth.permission", "pk": 106, "fields": {"name": "Can delete Folder", "content_type": 28, "codename": "delete_folder"}}, {"model": "auth.permission", "pk": 107, "fields": {"name": "Can view Folder", "content_type": 28, "codename": "view_folder"}}, {"model": "auth.permission", "pk": 108, "fields": {"name": "Can use directory listing", "content_type": 28, "codename": "can_use_directory_listing"}}, {"model": "auth.permission", "pk": 109, "fields": {"name": "Can add folder permission", "content_type": 29, "codename": "add_folderpermission"}}, {"model": "auth.permission", "pk": 110, "fields": {"name": "Can change folder permission", "content_type": 29, "codename": "change_folderpermission"}}, {"model": "auth.permission", "pk": 111, "fields": {"name": "Can delete folder permission", "content_type": 29, "codename": "delete_folderpermission"}}, {"model": "auth.permission", "pk": 112, "fields": {"name": "Can view folder permission", "content_type": 29, "codename": "view_folderpermission"}}, {"model": "auth.permission", "pk": 113, "fields": {"name": "Can add image", "content_type": 30, "codename": "add_image"}}, {"model": "auth.permission", "pk": 114, "fields": {"name": "Can change image", "content_type": 30, "codename": "change_image"}}, {"model": "auth.permission", "pk": 115, "fields": {"name": "Can delete image", "content_type": 30, "codename": "delete_image"}}, {"model": "auth.permission", "pk": 116, "fields": {"name": "Can view image", "content_type": 30, "codename": "view_image"}}, {"model": "auth.permission", "pk": 117, "fields": {"name": "Can add thumbnail option", "content_type": 31, "codename": "add_thumbnailoption"}}, {"model": "auth.permission", "pk": 118, "fields": {"name": "Can change thumbnail option", "content_type": 31, "codename": "change_thumbnailoption"}}, {"model": "auth.permission", "pk": 119, "fields": {"name": "Can delete thumbnail option", "content_type": 31, "codename": "delete_thumbnailoption"}}, {"model": "auth.permission", "pk": 120, "fields": {"name": "Can view thumbnail option", "content_type": 31, "codename": "view_thumbnailoption"}}, {"model": "auth.permission", "pk": 121, "fields": {"name": "Can add source", "content_type": 32, "codename": "add_source"}}, {"model": "auth.permission", "pk": 122, "fields": {"name": "Can change source", "content_type": 32, "codename": "change_source"}}, {"model": "auth.permission", "pk": 123, "fields": {"name": "Can delete source", "content_type": 32, "codename": "delete_source"}}, {"model": "auth.permission", "pk": 124, "fields": {"name": "Can view source", "content_type": 32, "codename": "view_source"}}, {"model": "auth.permission", "pk": 125, "fields": {"name": "Can add thumbnail", "content_type": 33, "codename": "add_thumbnail"}}, {"model": "auth.permission", "pk": 126, "fields": {"name": "Can change thumbnail", "content_type": 33, "codename": "change_thumbnail"}}, {"model": "auth.permission", "pk": 127, "fields": {"name": "Can delete thumbnail", "content_type": 33, "codename": "delete_thumbnail"}}, {"model": "auth.permission", "pk": 128, "fields": {"name": "Can view thumbnail", "content_type": 33, "codename": "view_thumbnail"}}, {"model": "auth.permission", "pk": 129, "fields": {"name": "Can add thumbnail dimensions", "content_type": 34, "codename": "add_thumbnaildimensions"}}, {"model": "auth.permission", "pk": 130, "fields": {"name": "Can change thumbnail dimensions", "content_type": 34, "codename": "change_thumbnaildimensions"}}, {"model": "auth.permission", "pk": 131, "fields": {"name": "Can delete thumbnail dimensions", "content_type": 34, "codename": "delete_thumbnaildimensions"}}, {"model": "auth.permission", "pk": 132, "fields": {"name": "Can view thumbnail dimensions", "content_type": 34, "codename": "view_thumbnaildimensions"}}, {"model": "auth.permission", "pk": 133, "fields": {"name": "Can add bootstrap4 alerts", "content_type": 35, "codename": "add_bootstrap4alerts"}}, {"model": "auth.permission", "pk": 134, "fields": {"name": "Can change bootstrap4 alerts", "content_type": 35, "codename": "change_bootstrap4alerts"}}, {"model": "auth.permission", "pk": 135, "fields": {"name": "Can delete bootstrap4 alerts", "content_type": 35, "codename": "delete_bootstrap4alerts"}}, {"model": "auth.permission", "pk": 136, "fields": {"name": "Can view bootstrap4 alerts", "content_type": 35, "codename": "view_bootstrap4alerts"}}, {"model": "auth.permission", "pk": 137, "fields": {"name": "Can add bootstrap4 badge", "content_type": 36, "codename": "add_bootstrap4badge"}}, {"model": "auth.permission", "pk": 138, "fields": {"name": "Can change bootstrap4 badge", "content_type": 36, "codename": "change_bootstrap4badge"}}, {"model": "auth.permission", "pk": 139, "fields": {"name": "Can delete bootstrap4 badge", "content_type": 36, "codename": "delete_bootstrap4badge"}}, {"model": "auth.permission", "pk": 140, "fields": {"name": "Can view bootstrap4 badge", "content_type": 36, "codename": "view_bootstrap4badge"}}, {"model": "auth.permission", "pk": 141, "fields": {"name": "Can add bootstrap4 card", "content_type": 37, "codename": "add_bootstrap4card"}}, {"model": "auth.permission", "pk": 142, "fields": {"name": "Can change bootstrap4 card", "content_type": 37, "codename": "change_bootstrap4card"}}, {"model": "auth.permission", "pk": 143, "fields": {"name": "Can delete bootstrap4 card", "content_type": 37, "codename": "delete_bootstrap4card"}}, {"model": "auth.permission", "pk": 144, "fields": {"name": "Can view bootstrap4 card", "content_type": 37, "codename": "view_bootstrap4card"}}, {"model": "auth.permission", "pk": 145, "fields": {"name": "Can add bootstrap4 card inner", "content_type": 38, "codename": "add_bootstrap4cardinner"}}, {"model": "auth.permission", "pk": 146, "fields": {"name": "Can change bootstrap4 card inner", "content_type": 38, "codename": "change_bootstrap4cardinner"}}, {"model": "auth.permission", "pk": 147, "fields": {"name": "Can delete bootstrap4 card inner", "content_type": 38, "codename": "delete_bootstrap4cardinner"}}, {"model": "auth.permission", "pk": 148, "fields": {"name": "Can view bootstrap4 card inner", "content_type": 38, "codename": "view_bootstrap4cardinner"}}, {"model": "auth.permission", "pk": 149, "fields": {"name": "Can add bootstrap4 carousel", "content_type": 39, "codename": "add_bootstrap4carousel"}}, {"model": "auth.permission", "pk": 150, "fields": {"name": "Can change bootstrap4 carousel", "content_type": 39, "codename": "change_bootstrap4carousel"}}, {"model": "auth.permission", "pk": 151, "fields": {"name": "Can delete bootstrap4 carousel", "content_type": 39, "codename": "delete_bootstrap4carousel"}}, {"model": "auth.permission", "pk": 152, "fields": {"name": "Can view bootstrap4 carousel", "content_type": 39, "codename": "view_bootstrap4carousel"}}, {"model": "auth.permission", "pk": 153, "fields": {"name": "Can add bootstrap4 carousel slide", "content_type": 40, "codename": "add_bootstrap4carouselslide"}}, {"model": "auth.permission", "pk": 154, "fields": {"name": "Can change bootstrap4 carousel slide", "content_type": 40, "codename": "change_bootstrap4carouselslide"}}, {"model": "auth.permission", "pk": 155, "fields": {"name": "Can delete bootstrap4 carousel slide", "content_type": 40, "codename": "delete_bootstrap4carouselslide"}}, {"model": "auth.permission", "pk": 156, "fields": {"name": "Can view bootstrap4 carousel slide", "content_type": 40, "codename": "view_bootstrap4carouselslide"}}, {"model": "auth.permission", "pk": 157, "fields": {"name": "Can add bootstrap4 collapse", "content_type": 41, "codename": "add_bootstrap4collapse"}}, {"model": "auth.permission", "pk": 158, "fields": {"name": "Can change bootstrap4 collapse", "content_type": 41, "codename": "change_bootstrap4collapse"}}, {"model": "auth.permission", "pk": 159, "fields": {"name": "Can delete bootstrap4 collapse", "content_type": 41, "codename": "delete_bootstrap4collapse"}}, {"model": "auth.permission", "pk": 160, "fields": {"name": "Can view bootstrap4 collapse", "content_type": 41, "codename": "view_bootstrap4collapse"}}, {"model": "auth.permission", "pk": 161, "fields": {"name": "Can add bootstrap4 collapse container", "content_type": 42, "codename": "add_bootstrap4collapsecontainer"}}, {"model": "auth.permission", "pk": 162, "fields": {"name": "Can change bootstrap4 collapse container", "content_type": 42, "codename": "change_bootstrap4collapsecontainer"}}, {"model": "auth.permission", "pk": 163, "fields": {"name": "Can delete bootstrap4 collapse container", "content_type": 42, "codename": "delete_bootstrap4collapsecontainer"}}, {"model": "auth.permission", "pk": 164, "fields": {"name": "Can view bootstrap4 collapse container", "content_type": 42, "codename": "view_bootstrap4collapsecontainer"}}, {"model": "auth.permission", "pk": 165, "fields": {"name": "Can add bootstrap4 collapse trigger", "content_type": 43, "codename": "add_bootstrap4collapsetrigger"}}, {"model": "auth.permission", "pk": 166, "fields": {"name": "Can change bootstrap4 collapse trigger", "content_type": 43, "codename": "change_bootstrap4collapsetrigger"}}, {"model": "auth.permission", "pk": 167, "fields": {"name": "Can delete bootstrap4 collapse trigger", "content_type": 43, "codename": "delete_bootstrap4collapsetrigger"}}, {"model": "auth.permission", "pk": 168, "fields": {"name": "Can view bootstrap4 collapse trigger", "content_type": 43, "codename": "view_bootstrap4collapsetrigger"}}, {"model": "auth.permission", "pk": 169, "fields": {"name": "Can add bootstrap4 blockquote", "content_type": 44, "codename": "add_bootstrap4blockquote"}}, {"model": "auth.permission", "pk": 170, "fields": {"name": "Can change bootstrap4 blockquote", "content_type": 44, "codename": "change_bootstrap4blockquote"}}, {"model": "auth.permission", "pk": 171, "fields": {"name": "Can delete bootstrap4 blockquote", "content_type": 44, "codename": "delete_bootstrap4blockquote"}}, {"model": "auth.permission", "pk": 172, "fields": {"name": "Can view bootstrap4 blockquote", "content_type": 44, "codename": "view_bootstrap4blockquote"}}, {"model": "auth.permission", "pk": 173, "fields": {"name": "Can add bootstrap4 code", "content_type": 45, "codename": "add_bootstrap4code"}}, {"model": "auth.permission", "pk": 174, "fields": {"name": "Can change bootstrap4 code", "content_type": 45, "codename": "change_bootstrap4code"}}, {"model": "auth.permission", "pk": 175, "fields": {"name": "Can delete bootstrap4 code", "content_type": 45, "codename": "delete_bootstrap4code"}}, {"model": "auth.permission", "pk": 176, "fields": {"name": "Can view bootstrap4 code", "content_type": 45, "codename": "view_bootstrap4code"}}, {"model": "auth.permission", "pk": 177, "fields": {"name": "Can add bootstrap4 figure", "content_type": 46, "codename": "add_bootstrap4figure"}}, {"model": "auth.permission", "pk": 178, "fields": {"name": "Can change bootstrap4 figure", "content_type": 46, "codename": "change_bootstrap4figure"}}, {"model": "auth.permission", "pk": 179, "fields": {"name": "Can delete bootstrap4 figure", "content_type": 46, "codename": "delete_bootstrap4figure"}}, {"model": "auth.permission", "pk": 180, "fields": {"name": "Can view bootstrap4 figure", "content_type": 46, "codename": "view_bootstrap4figure"}}, {"model": "auth.permission", "pk": 181, "fields": {"name": "Can add bootstrap4 grid column", "content_type": 47, "codename": "add_bootstrap4gridcolumn"}}, {"model": "auth.permission", "pk": 182, "fields": {"name": "Can change bootstrap4 grid column", "content_type": 47, "codename": "change_bootstrap4gridcolumn"}}, {"model": "auth.permission", "pk": 183, "fields": {"name": "Can delete bootstrap4 grid column", "content_type": 47, "codename": "delete_bootstrap4gridcolumn"}}, {"model": "auth.permission", "pk": 184, "fields": {"name": "Can view bootstrap4 grid column", "content_type": 47, "codename": "view_bootstrap4gridcolumn"}}, {"model": "auth.permission", "pk": 185, "fields": {"name": "Can add bootstrap4 grid container", "content_type": 48, "codename": "add_bootstrap4gridcontainer"}}, {"model": "auth.permission", "pk": 186, "fields": {"name": "Can change bootstrap4 grid container", "content_type": 48, "codename": "change_bootstrap4gridcontainer"}}, {"model": "auth.permission", "pk": 187, "fields": {"name": "Can delete bootstrap4 grid container", "content_type": 48, "codename": "delete_bootstrap4gridcontainer"}}, {"model": "auth.permission", "pk": 188, "fields": {"name": "Can view bootstrap4 grid container", "content_type": 48, "codename": "view_bootstrap4gridcontainer"}}, {"model": "auth.permission", "pk": 189, "fields": {"name": "Can add bootstrap4 grid row", "content_type": 49, "codename": "add_bootstrap4gridrow"}}, {"model": "auth.permission", "pk": 190, "fields": {"name": "Can change bootstrap4 grid row", "content_type": 49, "codename": "change_bootstrap4gridrow"}}, {"model": "auth.permission", "pk": 191, "fields": {"name": "Can delete bootstrap4 grid row", "content_type": 49, "codename": "delete_bootstrap4gridrow"}}, {"model": "auth.permission", "pk": 192, "fields": {"name": "Can view bootstrap4 grid row", "content_type": 49, "codename": "view_bootstrap4gridrow"}}, {"model": "auth.permission", "pk": 193, "fields": {"name": "Can add bootstrap4 jumbotron", "content_type": 50, "codename": "add_bootstrap4jumbotron"}}, {"model": "auth.permission", "pk": 194, "fields": {"name": "Can change bootstrap4 jumbotron", "content_type": 50, "codename": "change_bootstrap4jumbotron"}}, {"model": "auth.permission", "pk": 195, "fields": {"name": "Can delete bootstrap4 jumbotron", "content_type": 50, "codename": "delete_bootstrap4jumbotron"}}, {"model": "auth.permission", "pk": 196, "fields": {"name": "Can view bootstrap4 jumbotron", "content_type": 50, "codename": "view_bootstrap4jumbotron"}}, {"model": "auth.permission", "pk": 197, "fields": {"name": "Can add bootstrap4 link", "content_type": 51, "codename": "add_bootstrap4link"}}, {"model": "auth.permission", "pk": 198, "fields": {"name": "Can change bootstrap4 link", "content_type": 51, "codename": "change_bootstrap4link"}}, {"model": "auth.permission", "pk": 199, "fields": {"name": "Can delete bootstrap4 link", "content_type": 51, "codename": "delete_bootstrap4link"}}, {"model": "auth.permission", "pk": 200, "fields": {"name": "Can view bootstrap4 link", "content_type": 51, "codename": "view_bootstrap4link"}}, {"model": "auth.permission", "pk": 201, "fields": {"name": "Can add bootstrap4 list group", "content_type": 52, "codename": "add_bootstrap4listgroup"}}, {"model": "auth.permission", "pk": 202, "fields": {"name": "Can change bootstrap4 list group", "content_type": 52, "codename": "change_bootstrap4listgroup"}}, {"model": "auth.permission", "pk": 203, "fields": {"name": "Can delete bootstrap4 list group", "content_type": 52, "codename": "delete_bootstrap4listgroup"}}, {"model": "auth.permission", "pk": 204, "fields": {"name": "Can view bootstrap4 list group", "content_type": 52, "codename": "view_bootstrap4listgroup"}}, {"model": "auth.permission", "pk": 205, "fields": {"name": "Can add bootstrap4 list group item", "content_type": 53, "codename": "add_bootstrap4listgroupitem"}}, {"model": "auth.permission", "pk": 206, "fields": {"name": "Can change bootstrap4 list group item", "content_type": 53, "codename": "change_bootstrap4listgroupitem"}}, {"model": "auth.permission", "pk": 207, "fields": {"name": "Can delete bootstrap4 list group item", "content_type": 53, "codename": "delete_bootstrap4listgroupitem"}}, {"model": "auth.permission", "pk": 208, "fields": {"name": "Can view bootstrap4 list group item", "content_type": 53, "codename": "view_bootstrap4listgroupitem"}}, {"model": "auth.permission", "pk": 209, "fields": {"name": "Can add bootstrap4 media", "content_type": 54, "codename": "add_bootstrap4media"}}, {"model": "auth.permission", "pk": 210, "fields": {"name": "Can change bootstrap4 media", "content_type": 54, "codename": "change_bootstrap4media"}}, {"model": "auth.permission", "pk": 211, "fields": {"name": "Can delete bootstrap4 media", "content_type": 54, "codename": "delete_bootstrap4media"}}, {"model": "auth.permission", "pk": 212, "fields": {"name": "Can view bootstrap4 media", "content_type": 54, "codename": "view_bootstrap4media"}}, {"model": "auth.permission", "pk": 213, "fields": {"name": "Can add bootstrap4 media body", "content_type": 55, "codename": "add_bootstrap4mediabody"}}, {"model": "auth.permission", "pk": 214, "fields": {"name": "Can change bootstrap4 media body", "content_type": 55, "codename": "change_bootstrap4mediabody"}}, {"model": "auth.permission", "pk": 215, "fields": {"name": "Can delete bootstrap4 media body", "content_type": 55, "codename": "delete_bootstrap4mediabody"}}, {"model": "auth.permission", "pk": 216, "fields": {"name": "Can view bootstrap4 media body", "content_type": 55, "codename": "view_bootstrap4mediabody"}}, {"model": "auth.permission", "pk": 217, "fields": {"name": "Can add bootstrap4 picture", "content_type": 56, "codename": "add_bootstrap4picture"}}, {"model": "auth.permission", "pk": 218, "fields": {"name": "Can change bootstrap4 picture", "content_type": 56, "codename": "change_bootstrap4picture"}}, {"model": "auth.permission", "pk": 219, "fields": {"name": "Can delete bootstrap4 picture", "content_type": 56, "codename": "delete_bootstrap4picture"}}, {"model": "auth.permission", "pk": 220, "fields": {"name": "Can view bootstrap4 picture", "content_type": 56, "codename": "view_bootstrap4picture"}}, {"model": "auth.permission", "pk": 221, "fields": {"name": "Can add bootstrap4 tab", "content_type": 57, "codename": "add_bootstrap4tab"}}, {"model": "auth.permission", "pk": 222, "fields": {"name": "Can change bootstrap4 tab", "content_type": 57, "codename": "change_bootstrap4tab"}}, {"model": "auth.permission", "pk": 223, "fields": {"name": "Can delete bootstrap4 tab", "content_type": 57, "codename": "delete_bootstrap4tab"}}, {"model": "auth.permission", "pk": 224, "fields": {"name": "Can view bootstrap4 tab", "content_type": 57, "codename": "view_bootstrap4tab"}}, {"model": "auth.permission", "pk": 225, "fields": {"name": "Can add bootstrap4 tab item", "content_type": 58, "codename": "add_bootstrap4tabitem"}}, {"model": "auth.permission", "pk": 226, "fields": {"name": "Can change bootstrap4 tab item", "content_type": 58, "codename": "change_bootstrap4tabitem"}}, {"model": "auth.permission", "pk": 227, "fields": {"name": "Can delete bootstrap4 tab item", "content_type": 58, "codename": "delete_bootstrap4tabitem"}}, {"model": "auth.permission", "pk": 228, "fields": {"name": "Can view bootstrap4 tab item", "content_type": 58, "codename": "view_bootstrap4tabitem"}}, {"model": "auth.permission", "pk": 229, "fields": {"name": "Can add bootstrap4 spacing", "content_type": 59, "codename": "add_bootstrap4spacing"}}, {"model": "auth.permission", "pk": 230, "fields": {"name": "Can change bootstrap4 spacing", "content_type": 59, "codename": "change_bootstrap4spacing"}}, {"model": "auth.permission", "pk": 231, "fields": {"name": "Can delete bootstrap4 spacing", "content_type": 59, "codename": "delete_bootstrap4spacing"}}, {"model": "auth.permission", "pk": 232, "fields": {"name": "Can view bootstrap4 spacing", "content_type": 59, "codename": "view_bootstrap4spacing"}}, {"model": "auth.permission", "pk": 233, "fields": {"name": "Can add file", "content_type": 60, "codename": "add_file"}}, {"model": "auth.permission", "pk": 234, "fields": {"name": "Can change file", "content_type": 60, "codename": "change_file"}}, {"model": "auth.permission", "pk": 235, "fields": {"name": "Can delete file", "content_type": 60, "codename": "delete_file"}}, {"model": "auth.permission", "pk": 236, "fields": {"name": "Can view file", "content_type": 60, "codename": "view_file"}}, {"model": "auth.permission", "pk": 237, "fields": {"name": "Can add folder", "content_type": 61, "codename": "add_folder"}}, {"model": "auth.permission", "pk": 238, "fields": {"name": "Can change folder", "content_type": 61, "codename": "change_folder"}}, {"model": "auth.permission", "pk": 239, "fields": {"name": "Can delete folder", "content_type": 61, "codename": "delete_folder"}}, {"model": "auth.permission", "pk": 240, "fields": {"name": "Can view folder", "content_type": 61, "codename": "view_folder"}}, {"model": "auth.permission", "pk": 241, "fields": {"name": "Can add icon", "content_type": 62, "codename": "add_icon"}}, {"model": "auth.permission", "pk": 242, "fields": {"name": "Can change icon", "content_type": 62, "codename": "change_icon"}}, {"model": "auth.permission", "pk": 243, "fields": {"name": "Can delete icon", "content_type": 62, "codename": "delete_icon"}}, {"model": "auth.permission", "pk": 244, "fields": {"name": "Can view icon", "content_type": 62, "codename": "view_icon"}}, {"model": "auth.permission", "pk": 245, "fields": {"name": "Can add link", "content_type": 63, "codename": "add_link"}}, {"model": "auth.permission", "pk": 246, "fields": {"name": "Can change link", "content_type": 63, "codename": "change_link"}}, {"model": "auth.permission", "pk": 247, "fields": {"name": "Can delete link", "content_type": 63, "codename": "delete_link"}}, {"model": "auth.permission", "pk": 248, "fields": {"name": "Can view link", "content_type": 63, "codename": "view_link"}}, {"model": "auth.permission", "pk": 249, "fields": {"name": "Can add picture", "content_type": 64, "codename": "add_picture"}}, {"model": "auth.permission", "pk": 250, "fields": {"name": "Can change picture", "content_type": 64, "codename": "change_picture"}}, {"model": "auth.permission", "pk": 251, "fields": {"name": "Can delete picture", "content_type": 64, "codename": "delete_picture"}}, {"model": "auth.permission", "pk": 252, "fields": {"name": "Can view picture", "content_type": 64, "codename": "view_picture"}}, {"model": "auth.permission", "pk": 253, "fields": {"name": "Can add style", "content_type": 65, "codename": "add_style"}}, {"model": "auth.permission", "pk": 254, "fields": {"name": "Can change style", "content_type": 65, "codename": "change_style"}}, {"model": "auth.permission", "pk": 255, "fields": {"name": "Can delete style", "content_type": 65, "codename": "delete_style"}}, {"model": "auth.permission", "pk": 256, "fields": {"name": "Can view style", "content_type": 65, "codename": "view_style"}}, {"model": "auth.permission", "pk": 257, "fields": {"name": "Can add google map", "content_type": 66, "codename": "add_googlemap"}}, {"model": "auth.permission", "pk": 258, "fields": {"name": "Can change google map", "content_type": 66, "codename": "change_googlemap"}}, {"model": "auth.permission", "pk": 259, "fields": {"name": "Can delete google map", "content_type": 66, "codename": "delete_googlemap"}}, {"model": "auth.permission", "pk": 260, "fields": {"name": "Can view google map", "content_type": 66, "codename": "view_googlemap"}}, {"model": "auth.permission", "pk": 261, "fields": {"name": "Can add google map marker", "content_type": 67, "codename": "add_googlemapmarker"}}, {"model": "auth.permission", "pk": 262, "fields": {"name": "Can change google map marker", "content_type": 67, "codename": "change_googlemapmarker"}}, {"model": "auth.permission", "pk": 263, "fields": {"name": "Can delete google map marker", "content_type": 67, "codename": "delete_googlemapmarker"}}, {"model": "auth.permission", "pk": 264, "fields": {"name": "Can view google map marker", "content_type": 67, "codename": "view_googlemapmarker"}}, {"model": "auth.permission", "pk": 265, "fields": {"name": "Can add google map route", "content_type": 68, "codename": "add_googlemaproute"}}, {"model": "auth.permission", "pk": 266, "fields": {"name": "Can change google map route", "content_type": 68, "codename": "change_googlemaproute"}}, {"model": "auth.permission", "pk": 267, "fields": {"name": "Can delete google map route", "content_type": 68, "codename": "delete_googlemaproute"}}, {"model": "auth.permission", "pk": 268, "fields": {"name": "Can view google map route", "content_type": 68, "codename": "view_googlemaproute"}}, {"model": "auth.permission", "pk": 269, "fields": {"name": "Can add video player", "content_type": 69, "codename": "add_videoplayer"}}, {"model": "auth.permission", "pk": 270, "fields": {"name": "Can change video player", "content_type": 69, "codename": "change_videoplayer"}}, {"model": "auth.permission", "pk": 271, "fields": {"name": "Can delete video player", "content_type": 69, "codename": "delete_videoplayer"}}, {"model": "auth.permission", "pk": 272, "fields": {"name": "Can view video player", "content_type": 69, "codename": "view_videoplayer"}}, {"model": "auth.permission", "pk": 273, "fields": {"name": "Can add video source", "content_type": 70, "codename": "add_videosource"}}, {"model": "auth.permission", "pk": 274, "fields": {"name": "Can change video source", "content_type": 70, "codename": "change_videosource"}}, {"model": "auth.permission", "pk": 275, "fields": {"name": "Can delete video source", "content_type": 70, "codename": "delete_videosource"}}, {"model": "auth.permission", "pk": 276, "fields": {"name": "Can view video source", "content_type": 70, "codename": "view_videosource"}}, {"model": "auth.permission", "pk": 277, "fields": {"name": "Can add video track", "content_type": 71, "codename": "add_videotrack"}}, {"model": "auth.permission", "pk": 278, "fields": {"name": "Can change video track", "content_type": 71, "codename": "change_videotrack"}}, {"model": "auth.permission", "pk": 279, "fields": {"name": "Can delete video track", "content_type": 71, "codename": "delete_videotrack"}}, {"model": "auth.permission", "pk": 280, "fields": {"name": "Can view video track", "content_type": 71, "codename": "view_videotrack"}}, {"model": "auth.permission", "pk": 281, "fields": {"name": "Can add icon row", "content_type": 72, "codename": "add_iconrow"}}, {"model": "auth.permission", "pk": 282, "fields": {"name": "Can change icon row", "content_type": 72, "codename": "change_iconrow"}}, {"model": "auth.permission", "pk": 283, "fields": {"name": "Can delete icon row", "content_type": 72, "codename": "delete_iconrow"}}, {"model": "auth.permission", "pk": 284, "fields": {"name": "Can view icon row", "content_type": 72, "codename": "view_iconrow"}}, {"model": "auth.permission", "pk": 285, "fields": {"name": "Can add attribute item", "content_type": 73, "codename": "add_attributeitem"}}, {"model": "auth.permission", "pk": 286, "fields": {"name": "Can change attribute item", "content_type": 73, "codename": "change_attributeitem"}}, {"model": "auth.permission", "pk": 287, "fields": {"name": "Can delete attribute item", "content_type": 73, "codename": "delete_attributeitem"}}, {"model": "auth.permission", "pk": 288, "fields": {"name": "Can view attribute item", "content_type": 73, "codename": "view_attributeitem"}}, {"model": "auth.permission", "pk": 289, "fields": {"name": "Can add accordion item", "content_type": 74, "codename": "add_accordionitem"}}, {"model": "auth.permission", "pk": 290, "fields": {"name": "Can change accordion item", "content_type": 74, "codename": "change_accordionitem"}}, {"model": "auth.permission", "pk": 291, "fields": {"name": "Can delete accordion item", "content_type": 74, "codename": "delete_accordionitem"}}, {"model": "auth.permission", "pk": 292, "fields": {"name": "Can view accordion item", "content_type": 74, "codename": "view_accordionitem"}}, {"model": "auth.permission", "pk": 293, "fields": {"name": "Can add banner slider", "content_type": 75, "codename": "add_bannerslider"}}, {"model": "auth.permission", "pk": 294, "fields": {"name": "Can change banner slider", "content_type": 75, "codename": "change_bannerslider"}}, {"model": "auth.permission", "pk": 295, "fields": {"name": "Can delete banner slider", "content_type": 75, "codename": "delete_bannerslider"}}, {"model": "auth.permission", "pk": 296, "fields": {"name": "Can view banner slider", "content_type": 75, "codename": "view_bannerslider"}}, {"model": "auth.permission", "pk": 297, "fields": {"name": "Can add banner slide", "content_type": 76, "codename": "add_bannerslide"}}, {"model": "auth.permission", "pk": 298, "fields": {"name": "Can change banner slide", "content_type": 76, "codename": "change_bannerslide"}}, {"model": "auth.permission", "pk": 299, "fields": {"name": "Can delete banner slide", "content_type": 76, "codename": "delete_bannerslide"}}, {"model": "auth.permission", "pk": 300, "fields": {"name": "Can view banner slide", "content_type": 76, "codename": "view_bannerslide"}}, {"model": "auth.permission", "pk": 301, "fields": {"name": "Can add icon", "content_type": 77, "codename": "add_icon"}}, {"model": "auth.permission", "pk": 302, "fields": {"name": "Can change icon", "content_type": 77, "codename": "change_icon"}}, {"model": "auth.permission", "pk": 303, "fields": {"name": "Can delete icon", "content_type": 77, "codename": "delete_icon"}}, {"model": "auth.permission", "pk": 304, "fields": {"name": "Can view icon", "content_type": 77, "codename": "view_icon"}}, {"model": "auth.user", "pk": 1, "fields": {"password": "pbkdf2_sha256$216000$zPBr6UvebMof$T5CM5Kv8OYYO5r4SujbGYOB/M7SUPvECfZDOy+X1x0I=", "last_login": null, "is_superuser": true, "username": "admin", "first_name": "", "last_name": "", "email": "admin@admin.com", "is_staff": true, "is_active": true, "date_joined": "2025-04-10T13:49:19.598Z", "groups": [], "user_permissions": []}}, {"model": "auth.user", "pk": 2, "fields": {"password": "pbkdf2_sha256$216000$jfx8heA45tG4$e6sflyFxhPs+gvuAd5KBYjOwJ/h+m6+QtcIVVmhBWiU=", "last_login": "2025-04-10T14:03:07.307Z", "is_superuser": true, "username": "viqtoh", "first_name": "", "last_name": "", "email": "virex001@gmail.com", "is_staff": true, "is_active": true, "date_joined": "2025-04-10T13:51:50.795Z", "groups": [], "user_permissions": []}}, {"model": "contenttypes.contenttype", "pk": 1, "fields": {"app_label": "cms", "model": "placeholder"}}, {"model": "contenttypes.contenttype", "pk": 2, "fields": {"app_label": "cms", "model": "page"}}, {"model": "contenttypes.contenttype", "pk": 3, "fields": {"app_label": "auth", "model": "permission"}}, {"model": "contenttypes.contenttype", "pk": 4, "fields": {"app_label": "auth", "model": "group"}}, {"model": "contenttypes.contenttype", "pk": 5, "fields": {"app_label": "auth", "model": "user"}}, {"model": "contenttypes.contenttype", "pk": 6, "fields": {"app_label": "contenttypes", "model": "contenttype"}}, {"model": "contenttypes.contenttype", "pk": 7, "fields": {"app_label": "sessions", "model": "session"}}, {"model": "contenttypes.contenttype", "pk": 8, "fields": {"app_label": "admin", "model": "logentry"}}, {"model": "contenttypes.contenttype", "pk": 9, "fields": {"app_label": "sites", "model": "site"}}, {"model": "contenttypes.contenttype", "pk": 10, "fields": {"app_label": "cms", "model": "cmsplugin"}}, {"model": "contenttypes.contenttype", "pk": 11, "fields": {"app_label": "cms", "model": "aliaspluginmodel"}}, {"model": "contenttypes.contenttype", "pk": 12, "fields": {"app_label": "cms", "model": "globalpagepermission"}}, {"model": "contenttypes.contenttype", "pk": 13, "fields": {"app_label": "cms", "model": "pagepermission"}}, {"model": "contenttypes.contenttype", "pk": 14, "fields": {"app_label": "cms", "model": "pageuser"}}, {"model": "contenttypes.contenttype", "pk": 15, "fields": {"app_label": "cms", "model": "pageusergroup"}}, {"model": "contenttypes.contenttype", "pk": 16, "fields": {"app_label": "cms", "model": "placeholderreference"}}, {"model": "contenttypes.contenttype", "pk": 17, "fields": {"app_label": "cms", "model": "staticplaceholder"}}, {"model": "contenttypes.contenttype", "pk": 18, "fields": {"app_label": "cms", "model": "title"}}, {"model": "contenttypes.contenttype", "pk": 19, "fields": {"app_label": "cms", "model": "usersettings"}}, {"model": "contenttypes.contenttype", "pk": 20, "fields": {"app_label": "cms", "model": "urlconfrevision"}}, {"model": "contenttypes.contenttype", "pk": 21, "fields": {"app_label": "cms", "model": "pagetype"}}, {"model": "contenttypes.contenttype", "pk": 22, "fields": {"app_label": "cms", "model": "treenode"}}, {"model": "contenttypes.contenttype", "pk": 23, "fields": {"app_label": "menus", "model": "cachekey"}}, {"model": "contenttypes.contenttype", "pk": 24, "fields": {"app_label": "djangocms_text_ckeditor", "model": "text"}}, {"model": "contenttypes.contenttype", "pk": 25, "fields": {"app_label": "filer", "model": "clipboard"}}, {"model": "contenttypes.contenttype", "pk": 26, "fields": {"app_label": "filer", "model": "clipboarditem"}}, {"model": "contenttypes.contenttype", "pk": 27, "fields": {"app_label": "filer", "model": "file"}}, {"model": "contenttypes.contenttype", "pk": 28, "fields": {"app_label": "filer", "model": "folder"}}, {"model": "contenttypes.contenttype", "pk": 29, "fields": {"app_label": "filer", "model": "folderpermission"}}, {"model": "contenttypes.contenttype", "pk": 30, "fields": {"app_label": "filer", "model": "image"}}, {"model": "contenttypes.contenttype", "pk": 31, "fields": {"app_label": "filer", "model": "thumbnailoption"}}, {"model": "contenttypes.contenttype", "pk": 32, "fields": {"app_label": "easy_thumbnails", "model": "source"}}, {"model": "contenttypes.contenttype", "pk": 33, "fields": {"app_label": "easy_thumbnails", "model": "thumbnail"}}, {"model": "contenttypes.contenttype", "pk": 34, "fields": {"app_label": "easy_thumbnails", "model": "thumbnaildimensions"}}, {"model": "contenttypes.contenttype", "pk": 35, "fields": {"app_label": "bootstrap4_alerts", "model": "bootstrap4alerts"}}, {"model": "contenttypes.contenttype", "pk": 36, "fields": {"app_label": "bootstrap4_badge", "model": "bootstrap4badge"}}, {"model": "contenttypes.contenttype", "pk": 37, "fields": {"app_label": "bootstrap4_card", "model": "bootstrap4card"}}, {"model": "contenttypes.contenttype", "pk": 38, "fields": {"app_label": "bootstrap4_card", "model": "bootstrap4cardinner"}}, {"model": "contenttypes.contenttype", "pk": 39, "fields": {"app_label": "bootstrap4_carousel", "model": "bootstrap4carousel"}}, {"model": "contenttypes.contenttype", "pk": 40, "fields": {"app_label": "bootstrap4_carousel", "model": "bootstrap4carouselslide"}}, {"model": "contenttypes.contenttype", "pk": 41, "fields": {"app_label": "bootstrap4_collapse", "model": "bootstrap4collapse"}}, {"model": "contenttypes.contenttype", "pk": 42, "fields": {"app_label": "bootstrap4_collapse", "model": "bootstrap4collapsecontainer"}}, {"model": "contenttypes.contenttype", "pk": 43, "fields": {"app_label": "bootstrap4_collapse", "model": "bootstrap4collapsetrigger"}}, {"model": "contenttypes.contenttype", "pk": 44, "fields": {"app_label": "bootstrap4_content", "model": "bootstrap4blockquote"}}, {"model": "contenttypes.contenttype", "pk": 45, "fields": {"app_label": "bootstrap4_content", "model": "bootstrap4code"}}, {"model": "contenttypes.contenttype", "pk": 46, "fields": {"app_label": "bootstrap4_content", "model": "bootstrap4figure"}}, {"model": "contenttypes.contenttype", "pk": 47, "fields": {"app_label": "bootstrap4_grid", "model": "bootstrap4gridcolumn"}}, {"model": "contenttypes.contenttype", "pk": 48, "fields": {"app_label": "bootstrap4_grid", "model": "bootstrap4gridcontainer"}}, {"model": "contenttypes.contenttype", "pk": 49, "fields": {"app_label": "bootstrap4_grid", "model": "bootstrap4gridrow"}}, {"model": "contenttypes.contenttype", "pk": 50, "fields": {"app_label": "bootstrap4_jumbotron", "model": "bootstrap4jumbotron"}}, {"model": "contenttypes.contenttype", "pk": 51, "fields": {"app_label": "bootstrap4_link", "model": "bootstrap4link"}}, {"model": "contenttypes.contenttype", "pk": 52, "fields": {"app_label": "bootstrap4_listgroup", "model": "bootstrap4listgroup"}}, {"model": "contenttypes.contenttype", "pk": 53, "fields": {"app_label": "bootstrap4_listgroup", "model": "bootstrap4listgroupitem"}}, {"model": "contenttypes.contenttype", "pk": 54, "fields": {"app_label": "bootstrap4_media", "model": "bootstrap4media"}}, {"model": "contenttypes.contenttype", "pk": 55, "fields": {"app_label": "bootstrap4_media", "model": "bootstrap4mediabody"}}, {"model": "contenttypes.contenttype", "pk": 56, "fields": {"app_label": "bootstrap4_picture", "model": "bootstrap4picture"}}, {"model": "contenttypes.contenttype", "pk": 57, "fields": {"app_label": "bootstrap4_tabs", "model": "bootstrap4tab"}}, {"model": "contenttypes.contenttype", "pk": 58, "fields": {"app_label": "bootstrap4_tabs", "model": "bootstrap4tabitem"}}, {"model": "contenttypes.contenttype", "pk": 59, "fields": {"app_label": "bootstrap4_utilities", "model": "bootstrap4spacing"}}, {"model": "contenttypes.contenttype", "pk": 60, "fields": {"app_label": "djangocms_file", "model": "file"}}, {"model": "contenttypes.contenttype", "pk": 61, "fields": {"app_label": "djangocms_file", "model": "folder"}}, {"model": "contenttypes.contenttype", "pk": 62, "fields": {"app_label": "djangocms_icon", "model": "icon"}}, {"model": "contenttypes.contenttype", "pk": 63, "fields": {"app_label": "djangocms_link", "model": "link"}}, {"model": "contenttypes.contenttype", "pk": 64, "fields": {"app_label": "djangocms_picture", "model": "picture"}}, {"model": "contenttypes.contenttype", "pk": 65, "fields": {"app_label": "djangocms_style", "model": "style"}}, {"model": "contenttypes.contenttype", "pk": 66, "fields": {"app_label": "djangocms_googlemap", "model": "googlemap"}}, {"model": "contenttypes.contenttype", "pk": 67, "fields": {"app_label": "djangocms_googlemap", "model": "googlemapmarker"}}, {"model": "contenttypes.contenttype", "pk": 68, "fields": {"app_label": "djangocms_googlemap", "model": "googlemaproute"}}, {"model": "contenttypes.contenttype", "pk": 69, "fields": {"app_label": "djangocms_video", "model": "videoplayer"}}, {"model": "contenttypes.contenttype", "pk": 70, "fields": {"app_label": "djangocms_video", "model": "videosource"}}, {"model": "contenttypes.contenttype", "pk": 71, "fields": {"app_label": "djangocms_video", "model": "videotrack"}}, {"model": "contenttypes.contenttype", "pk": 72, "fields": {"app_label": "bulqsoftDjango", "model": "iconrow"}}, {"model": "contenttypes.contenttype", "pk": 73, "fields": {"app_label": "bulqsoftDjango", "model": "attributeitem"}}, {"model": "contenttypes.contenttype", "pk": 74, "fields": {"app_label": "bulqsoftDjango", "model": "accordionitem"}}, {"model": "contenttypes.contenttype", "pk": 75, "fields": {"app_label": "bulqsoftDjango", "model": "bannerslider"}}, {"model": "contenttypes.contenttype", "pk": 76, "fields": {"app_label": "bulqsoftDjango", "model": "bannerslide"}}, {"model": "contenttypes.contenttype", "pk": 77, "fields": {"app_label": "bulqsoftDjango", "model": "icon"}}, {"model": "sessions.session", "pk": "6b7lhep9gkwp5tbwxvy68g9de8smy00t", "fields": {"session_data": ".eJxVkN1uwyAMhd-F6ypqICQ0l7vfMyADpmFjUPGzTqv67qMLqrYr-_g7tmzfiIRaNlkzJukMWQklh781BfodwwOYNwjnOOgYSnJqeFiGTvPwGg36l-79N2CDvLVuTcUo5gm4RcSZHY-M8mlCVIJRNS1WcwXCioXPjKkTG63go14oN5oZOI2iDdUfWZYYvYIkjcugPLa9LPiMO0TjCllLql1fEn46vD49V_cNycgedEIoKHfHjeSCF7KG6v3hN5cGCjRw79I6j3nX-FUSPHkrSN9eU-GM7VAM5P4DAoh1uQ:1u43Ea:arbEKVjIICoclA0_89_rbIQNtLcQRdCPoIY5HAzoU-o", "expire_date": "2025-04-27T19:43:16.267Z"}}, {"model": "admin.logentry", "pk": 1, "fields": {"action_time": "2025-04-10T14:39:17.129Z", "user": 2, "content_type": 2, "object_id": "3", "object_repr": "Bulqe", "action_flag": 1, "change_message": "[{\"added\": {}}]"}}, {"model": "admin.logentry", "pk": 2, "fields": {"action_time": "2025-04-10T14:39:55.605Z", "user": 2, "content_type": 2, "object_id": "4", "object_repr": "Intelpim", "action_flag": 1, "change_message": "[{\"added\": {}}]"}}, {"model": "admin.logentry", "pk": 3, "fields": {"action_time": "2025-04-10T15:12:35.741Z", "user": 2, "content_type": 2, "object_id": "5", "object_repr": "bulqs", "action_flag": 1, "change_message": "[{\"added\": {}}]"}}, {"model": "admin.logentry", "pk": 4, "fields": {"action_time": "2025-04-10T15:12:58.340Z", "user": 2, "content_type": 2, "object_id": "6", "object_repr": "idmc", "action_flag": 1, "change_message": "[{\"added\": {}}]"}}, {"model": "admin.logentry", "pk": 5, "fields": {"action_time": "2025-04-10T15:13:13.386Z", "user": 2, "content_type": 2, "object_id": "7", "object_repr": "adjunqy", "action_flag": 1, "change_message": "[{\"added\": {}}]"}}, {"model": "admin.logentry", "pk": 6, "fields": {"action_time": "2025-04-10T15:13:28.076Z", "user": 2, "content_type": 2, "object_id": "8", "object_repr": "bulqpay", "action_flag": 1, "change_message": "[{\"added\": {}}]"}}, {"model": "admin.logentry", "pk": 7, "fields": {"action_time": "2025-04-10T16:05:23.662Z", "user": 2, "content_type": 2, "object_id": "9", "object_repr": "PIM Solutions Services", "action_flag": 1, "change_message": "[{\"added\": {}}]"}}, {"model": "admin.logentry", "pk": 8, "fields": {"action_time": "2025-04-10T16:07:48.014Z", "user": 2, "content_type": 2, "object_id": "10", "object_repr": "Website Development", "action_flag": 1, "change_message": "[{\"added\": {}}]"}}, {"model": "admin.logentry", "pk": 9, "fields": {"action_time": "2025-04-10T16:09:10.807Z", "user": 2, "content_type": 2, "object_id": "11", "object_repr": "ERP & CRM Services", "action_flag": 1, "change_message": "[{\"added\": {}}]"}}, {"model": "admin.logentry", "pk": 10, "fields": {"action_time": "2025-04-10T16:09:55.888Z", "user": 2, "content_type": 2, "object_id": "12", "object_repr": "AI Integration", "action_flag": 1, "change_message": "[{\"added\": {}}]"}}, {"model": "admin.logentry", "pk": 11, "fields": {"action_time": "2025-04-10T16:11:37.659Z", "user": 2, "content_type": 2, "object_id": "13", "object_repr": "Concept Design", "action_flag": 1, "change_message": "[{\"added\": {}}]"}}, {"model": "admin.logentry", "pk": 12, "fields": {"action_time": "2025-04-10T16:12:22.676Z", "user": 2, "content_type": 2, "object_id": "14", "object_repr": "Hiring Solution", "action_flag": 1, "change_message": "[{\"added\": {}}]"}}, {"model": "admin.logentry", "pk": 13, "fields": {"action_time": "2025-04-10T16:13:28.814Z", "user": 2, "content_type": 2, "object_id": "14", "object_repr": "About", "action_flag": 2, "change_message": "[{\"changed\": {\"fields\": [\"Title\", \"Slug\", \"Page Title\"]}}]"}}, {"model": "admin.logentry", "pk": 14, "fields": {"action_time": "2025-04-10T16:49:43.939Z", "user": 2, "content_type": 2, "object_id": "1", "object_repr": "Home", "action_flag": 2, "change_message": ""}}, {"model": "admin.logentry", "pk": 15, "fields": {"action_time": "2025-04-10T16:54:28.242Z", "user": 2, "content_type": 2, "object_id": "3", "object_repr": "Bulqe", "action_flag": 2, "change_message": ""}}, {"model": "admin.logentry", "pk": 16, "fields": {"action_time": "2025-04-10T16:54:37.984Z", "user": 2, "content_type": 2, "object_id": "4", "object_repr": "Intelpim", "action_flag": 2, "change_message": ""}}, {"model": "admin.logentry", "pk": 17, "fields": {"action_time": "2025-04-10T16:54:47.611Z", "user": 2, "content_type": 2, "object_id": "5", "object_repr": "bulqs", "action_flag": 2, "change_message": ""}}, {"model": "admin.logentry", "pk": 18, "fields": {"action_time": "2025-04-10T16:54:59.328Z", "user": 2, "content_type": 2, "object_id": "6", "object_repr": "idmc", "action_flag": 2, "change_message": ""}}, {"model": "admin.logentry", "pk": 19, "fields": {"action_time": "2025-04-10T16:55:07.424Z", "user": 2, "content_type": 2, "object_id": "7", "object_repr": "adjunqy", "action_flag": 2, "change_message": ""}}, {"model": "admin.logentry", "pk": 20, "fields": {"action_time": "2025-04-10T16:55:24.524Z", "user": 2, "content_type": 2, "object_id": "8", "object_repr": "bulqpay", "action_flag": 2, "change_message": ""}}, {"model": "admin.logentry", "pk": 21, "fields": {"action_time": "2025-04-10T16:55:33.712Z", "user": 2, "content_type": 2, "object_id": "9", "object_repr": "PIM Solutions Services", "action_flag": 2, "change_message": ""}}, {"model": "admin.logentry", "pk": 22, "fields": {"action_time": "2025-04-10T16:55:43.589Z", "user": 2, "content_type": 2, "object_id": "11", "object_repr": "ERP & CRM Services", "action_flag": 2, "change_message": ""}}, {"model": "admin.logentry", "pk": 23, "fields": {"action_time": "2025-04-10T16:55:52.328Z", "user": 2, "content_type": 2, "object_id": "12", "object_repr": "AI Integration", "action_flag": 2, "change_message": ""}}, {"model": "admin.logentry", "pk": 24, "fields": {"action_time": "2025-04-10T16:55:59.913Z", "user": 2, "content_type": 2, "object_id": "10", "object_repr": "Website Development", "action_flag": 2, "change_message": ""}}, {"model": "admin.logentry", "pk": 25, "fields": {"action_time": "2025-04-10T16:56:09.287Z", "user": 2, "content_type": 2, "object_id": "13", "object_repr": "Concept Design", "action_flag": 2, "change_message": ""}}, {"model": "admin.logentry", "pk": 26, "fields": {"action_time": "2025-04-10T16:56:18.241Z", "user": 2, "content_type": 2, "object_id": "14", "object_repr": "About", "action_flag": 2, "change_message": ""}}, {"model": "admin.logentry", "pk": 27, "fields": {"action_time": "2025-04-10T17:19:37.958Z", "user": 2, "content_type": 2, "object_id": "1", "object_repr": "Home", "action_flag": 2, "change_message": ""}}, {"model": "admin.logentry", "pk": 28, "fields": {"action_time": "2025-04-10T17:25:22.045Z", "user": 2, "content_type": 36, "object_id": "13", "object_repr": "13", "action_flag": 3, "change_message": ""}}, {"model": "admin.logentry", "pk": 29, "fields": {"action_time": "2025-04-10T17:32:57.763Z", "user": 2, "content_type": 72, "object_id": "14", "object_repr": "14", "action_flag": 3, "change_message": ""}}, {"model": "admin.logentry", "pk": 30, "fields": {"action_time": "2025-04-10T17:33:26.536Z", "user": 2, "content_type": 72, "object_id": "15", "object_repr": "15", "action_flag": 3, "change_message": ""}}, {"model": "admin.logentry", "pk": 31, "fields": {"action_time": "2025-04-10T17:35:49.300Z", "user": 2, "content_type": 2, "object_id": "1", "object_repr": "Home", "action_flag": 2, "change_message": ""}}, {"model": "admin.logentry", "pk": 32, "fields": {"action_time": "2025-04-10T19:33:21.511Z", "user": 2, "content_type": 2, "object_id": "3", "object_repr": "Bulqe", "action_flag": 2, "change_message": "[{\"changed\": {\"fields\": [\"Title\", \"Slug\", \"Page Title\"]}}]"}}, {"model": "admin.logentry", "pk": 33, "fields": {"action_time": "2025-04-10T19:36:39.726Z", "user": 2, "content_type": 2, "object_id": "1", "object_repr": "Home", "action_flag": 2, "change_message": "[{\"changed\": {\"fields\": [\"Title\", \"Slug\"]}}]"}}, {"model": "admin.logentry", "pk": 34, "fields": {"action_time": "2025-04-10T19:37:11.619Z", "user": 2, "content_type": 18, "object_id": "28", "object_repr": "Home (home, fr)", "action_flag": 2, "change_message": "Title and plugins with language French was deleted"}}, {"model": "admin.logentry", "pk": 35, "fields": {"action_time": "2025-04-10T19:37:30.623Z", "user": 2, "content_type": 18, "object_id": "27", "object_repr": "Bulqe (bulqe, fr)", "action_flag": 2, "change_message": "Title and plugins with language French was deleted"}}, {"model": "admin.logentry", "pk": 36, "fields": {"action_time": "2025-04-11T12:48:21.585Z", "user": 2, "content_type": 2, "object_id": "1", "object_repr": "Home", "action_flag": 2, "change_message": ""}}, {"model": "admin.logentry", "pk": 37, "fields": {"action_time": "2025-04-11T13:22:21.296Z", "user": 2, "content_type": 2, "object_id": "1", "object_repr": "Home", "action_flag": 2, "change_message": ""}}, {"model": "admin.logentry", "pk": 38, "fields": {"action_time": "2025-04-13T19:31:58.075Z", "user": 2, "content_type": 72, "object_id": "6", "object_repr": "6", "action_flag": 3, "change_message": ""}}, {"model": "admin.logentry", "pk": 39, "fields": {"action_time": "2025-04-13T19:32:03.708Z", "user": 2, "content_type": 72, "object_id": "5", "object_repr": "5", "action_flag": 3, "change_message": ""}}, {"model": "admin.logentry", "pk": 40, "fields": {"action_time": "2025-04-13T19:32:08.865Z", "user": 2, "content_type": 72, "object_id": "4", "object_repr": "4", "action_flag": 3, "change_message": ""}}, {"model": "admin.logentry", "pk": 41, "fields": {"action_time": "2025-04-13T19:32:14.741Z", "user": 2, "content_type": 72, "object_id": "3", "object_repr": "3", "action_flag": 3, "change_message": ""}}, {"model": "admin.logentry", "pk": 42, "fields": {"action_time": "2025-04-13T19:32:19.800Z", "user": 2, "content_type": 72, "object_id": "2", "object_repr": "2", "action_flag": 3, "change_message": ""}}, {"model": "sites.site", "pk": 1, "fields": {"domain": "example.com", "name": "example.com"}}, {"model": "cms.usersettings", "pk": 1, "fields": {"user": 2, "language": "en", "clipboard": 1}}, {"model": "cms.treenode", "pk": 1, "fields": {"path": "0001", "depth": 1, "numchild": 0, "parent": null, "site": 1}}, {"model": "cms.treenode", "pk": 2, "fields": {"path": "0002", "depth": 1, "numchild": 0, "parent": null, "site": 1}}, {"model": "cms.treenode", "pk": 3, "fields": {"path": "0003", "depth": 1, "numchild": 0, "parent": null, "site": 1}}, {"model": "cms.treenode", "pk": 4, "fields": {"path": "0004", "depth": 1, "numchild": 0, "parent": null, "site": 1}}, {"model": "cms.treenode", "pk": 5, "fields": {"path": "0005", "depth": 1, "numchild": 0, "parent": null, "site": 1}}, {"model": "cms.treenode", "pk": 6, "fields": {"path": "0006", "depth": 1, "numchild": 0, "parent": null, "site": 1}}, {"model": "cms.treenode", "pk": 7, "fields": {"path": "0007", "depth": 1, "numchild": 0, "parent": null, "site": 1}}, {"model": "cms.treenode", "pk": 8, "fields": {"path": "0008", "depth": 1, "numchild": 0, "parent": null, "site": 1}}, {"model": "cms.treenode", "pk": 9, "fields": {"path": "0009", "depth": 1, "numchild": 0, "parent": null, "site": 1}}, {"model": "cms.treenode", "pk": 10, "fields": {"path": "000A", "depth": 1, "numchild": 0, "parent": null, "site": 1}}, {"model": "cms.treenode", "pk": 11, "fields": {"path": "000B", "depth": 1, "numchild": 0, "parent": null, "site": 1}}, {"model": "cms.treenode", "pk": 12, "fields": {"path": "000C", "depth": 1, "numchild": 0, "parent": null, "site": 1}}, {"model": "cms.treenode", "pk": 13, "fields": {"path": "000D", "depth": 1, "numchild": 0, "parent": null, "site": 1}}, {"model": "cms.page", "pk": 1, "fields": {"created_by": "viqtoh", "changed_by": "viqtoh", "creation_date": "2025-04-10T14:03:16.773Z", "changed_date": "2025-04-10T19:36:39.724Z", "publication_date": "2025-04-10T14:03:16.787Z", "publication_end_date": null, "in_navigation": true, "soft_root": false, "reverse_id": null, "navigation_extenders": null, "template": "index.html", "login_required": false, "limit_visibility_in_menu": null, "is_home": true, "application_urls": null, "application_namespace": null, "publisher_is_draft": true, "publisher_public": 2, "languages": "en", "xframe_options": 0, "is_page_type": false, "node": 1, "placeholders": [2, 29, 30, 32, 34, 35]}}, {"model": "cms.page", "pk": 2, "fields": {"created_by": "viqtoh", "changed_by": "viqtoh", "creation_date": "2025-04-10T14:03:16.787Z", "changed_date": "2025-04-11T13:22:20.712Z", "publication_date": "2025-04-10T14:03:16.787Z", "publication_end_date": null, "in_navigation": true, "soft_root": false, "reverse_id": null, "navigation_extenders": null, "template": "index.html", "login_required": false, "limit_visibility_in_menu": null, "is_home": true, "application_urls": null, "application_namespace": null, "publisher_is_draft": false, "publisher_public": 1, "languages": "en", "xframe_options": 0, "is_page_type": false, "node": 1, "placeholders": [3, 28, 31, 33]}}, {"model": "cms.page", "pk": 3, "fields": {"created_by": "viqtoh", "changed_by": "viqtoh", "creation_date": "2025-04-10T14:39:17.106Z", "changed_date": "2025-04-10T19:33:21.509Z", "publication_date": "2025-04-10T16:54:28.218Z", "publication_end_date": null, "in_navigation": true, "soft_root": false, "reverse_id": null, "navigation_extenders": null, "template": "bulqe.html", "login_required": false, "limit_visibility_in_menu": null, "is_home": false, "application_urls": null, "application_namespace": null, "publisher_is_draft": true, "publisher_public": 15, "languages": "en", "xframe_options": 0, "is_page_type": false, "node": 2, "placeholders": [4]}}, {"model": "cms.page", "pk": 4, "fields": {"created_by": "viqtoh", "changed_by": "viqtoh", "creation_date": "2025-04-10T14:39:55.585Z", "changed_date": "2025-04-10T14:41:18.463Z", "publication_date": "2025-04-10T16:54:37.910Z", "publication_end_date": null, "in_navigation": true, "soft_root": false, "reverse_id": null, "navigation_extenders": null, "template": "intelpim.html", "login_required": false, "limit_visibility_in_menu": null, "is_home": false, "application_urls": null, "application_namespace": null, "publisher_is_draft": true, "publisher_public": 16, "languages": "en", "xframe_options": 0, "is_page_type": false, "node": 3, "placeholders": [5]}}, {"model": "cms.page", "pk": 5, "fields": {"created_by": "viqtoh", "changed_by": "viqtoh", "creation_date": "2025-04-10T15:12:35.692Z", "changed_date": "2025-04-10T15:16:09.768Z", "publication_date": "2025-04-10T16:54:47.566Z", "publication_end_date": null, "in_navigation": true, "soft_root": false, "reverse_id": null, "navigation_extenders": null, "template": "bulqs.html", "login_required": false, "limit_visibility_in_menu": null, "is_home": false, "application_urls": null, "application_namespace": null, "publisher_is_draft": true, "publisher_public": 17, "languages": "en", "xframe_options": 0, "is_page_type": false, "node": 4, "placeholders": [6]}}, {"model": "cms.page", "pk": 6, "fields": {"created_by": "viqtoh", "changed_by": "viqtoh", "creation_date": "2025-04-10T15:12:58.293Z", "changed_date": "2025-04-10T15:13:55.055Z", "publication_date": "2025-04-10T16:54:59.277Z", "publication_end_date": null, "in_navigation": true, "soft_root": false, "reverse_id": null, "navigation_extenders": null, "template": "idmc.html", "login_required": false, "limit_visibility_in_menu": null, "is_home": false, "application_urls": null, "application_namespace": null, "publisher_is_draft": true, "publisher_public": 18, "languages": "en", "xframe_options": 0, "is_page_type": false, "node": 5, "placeholders": [7]}}, {"model": "cms.page", "pk": 7, "fields": {"created_by": "viqtoh", "changed_by": "viqtoh", "creation_date": "2025-04-10T15:13:13.327Z", "changed_date": "2025-04-10T15:14:06.369Z", "publication_date": "2025-04-10T16:55:07.396Z", "publication_end_date": null, "in_navigation": true, "soft_root": false, "reverse_id": null, "navigation_extenders": null, "template": "adjunqy.html", "login_required": false, "limit_visibility_in_menu": null, "is_home": false, "application_urls": null, "application_namespace": null, "publisher_is_draft": true, "publisher_public": 19, "languages": "en", "xframe_options": 0, "is_page_type": false, "node": 6, "placeholders": [8]}}, {"model": "cms.page", "pk": 8, "fields": {"created_by": "viqtoh", "changed_by": "viqtoh", "creation_date": "2025-04-10T15:13:28.019Z", "changed_date": "2025-04-10T15:13:38.227Z", "publication_date": "2025-04-10T16:55:24.476Z", "publication_end_date": null, "in_navigation": true, "soft_root": false, "reverse_id": null, "navigation_extenders": null, "template": "bulqpay.html", "login_required": false, "limit_visibility_in_menu": null, "is_home": false, "application_urls": null, "application_namespace": null, "publisher_is_draft": true, "publisher_public": 20, "languages": "en", "xframe_options": 0, "is_page_type": false, "node": 7, "placeholders": [9]}}, {"model": "cms.page", "pk": 9, "fields": {"created_by": "viqtoh", "changed_by": "viqtoh", "creation_date": "2025-04-10T16:05:23.642Z", "changed_date": "2025-04-10T16:05:36.972Z", "publication_date": "2025-04-10T16:55:33.688Z", "publication_end_date": null, "in_navigation": true, "soft_root": false, "reverse_id": null, "navigation_extenders": null, "template": "pim.html", "login_required": false, "limit_visibility_in_menu": null, "is_home": false, "application_urls": null, "application_namespace": null, "publisher_is_draft": true, "publisher_public": 21, "languages": "en", "xframe_options": 0, "is_page_type": false, "node": 8, "placeholders": [10]}}, {"model": "cms.page", "pk": 10, "fields": {"created_by": "viqtoh", "changed_by": "viqtoh", "creation_date": "2025-04-10T16:07:47.989Z", "changed_date": "2025-04-10T16:07:55.151Z", "publication_date": "2025-04-10T16:55:59.890Z", "publication_end_date": null, "in_navigation": true, "soft_root": false, "reverse_id": null, "navigation_extenders": null, "template": "web.html", "login_required": false, "limit_visibility_in_menu": null, "is_home": false, "application_urls": null, "application_namespace": null, "publisher_is_draft": true, "publisher_public": 24, "languages": "en", "xframe_options": 0, "is_page_type": false, "node": 9, "placeholders": [11]}}, {"model": "cms.page", "pk": 11, "fields": {"created_by": "viqtoh", "changed_by": "viqtoh", "creation_date": "2025-04-10T16:09:10.787Z", "changed_date": "2025-04-10T16:09:17.142Z", "publication_date": "2025-04-10T16:55:43.562Z", "publication_end_date": null, "in_navigation": true, "soft_root": false, "reverse_id": null, "navigation_extenders": null, "template": "erp.html", "login_required": false, "limit_visibility_in_menu": null, "is_home": false, "application_urls": null, "application_namespace": null, "publisher_is_draft": true, "publisher_public": 22, "languages": "en", "xframe_options": 0, "is_page_type": false, "node": 10, "placeholders": [12]}}, {"model": "cms.page", "pk": 12, "fields": {"created_by": "viqtoh", "changed_by": "viqtoh", "creation_date": "2025-04-10T16:09:55.870Z", "changed_date": "2025-04-10T16:10:58.400Z", "publication_date": "2025-04-10T16:55:52.286Z", "publication_end_date": null, "in_navigation": true, "soft_root": false, "reverse_id": null, "navigation_extenders": null, "template": "ai.html", "login_required": false, "limit_visibility_in_menu": null, "is_home": false, "application_urls": null, "application_namespace": null, "publisher_is_draft": true, "publisher_public": 23, "languages": "en", "xframe_options": 0, "is_page_type": false, "node": 11, "placeholders": [13]}}, {"model": "cms.page", "pk": 13, "fields": {"created_by": "viqtoh", "changed_by": "viqtoh", "creation_date": "2025-04-10T16:11:37.638Z", "changed_date": "2025-04-10T16:11:43.254Z", "publication_date": "2025-04-10T16:56:09.240Z", "publication_end_date": null, "in_navigation": true, "soft_root": false, "reverse_id": null, "navigation_extenders": null, "template": "concept.html", "login_required": false, "limit_visibility_in_menu": null, "is_home": false, "application_urls": null, "application_namespace": null, "publisher_is_draft": true, "publisher_public": 25, "languages": "en", "xframe_options": 0, "is_page_type": false, "node": 12, "placeholders": [14]}}, {"model": "cms.page", "pk": 14, "fields": {"created_by": "viqtoh", "changed_by": "viqtoh", "creation_date": "2025-04-10T16:12:22.658Z", "changed_date": "2025-04-10T16:13:39.834Z", "publication_date": "2025-04-10T16:56:18.218Z", "publication_end_date": null, "in_navigation": true, "soft_root": false, "reverse_id": null, "navigation_extenders": null, "template": "about.html", "login_required": false, "limit_visibility_in_menu": null, "is_home": false, "application_urls": null, "application_namespace": null, "publisher_is_draft": true, "publisher_public": 26, "languages": "en", "xframe_options": 0, "is_page_type": false, "node": 13, "placeholders": [15]}}, {"model": "cms.page", "pk": 15, "fields": {"created_by": "viqtoh", "changed_by": "viqtoh", "creation_date": "2025-04-10T16:54:28.219Z", "changed_date": "2025-04-10T16:54:28.219Z", "publication_date": "2025-04-10T16:54:28.218Z", "publication_end_date": null, "in_navigation": true, "soft_root": false, "reverse_id": null, "navigation_extenders": null, "template": "bulqe.html", "login_required": false, "limit_visibility_in_menu": null, "is_home": false, "application_urls": null, "application_namespace": null, "publisher_is_draft": false, "publisher_public": 3, "languages": "en", "xframe_options": 0, "is_page_type": false, "node": 2, "placeholders": [16]}}, {"model": "cms.page", "pk": 16, "fields": {"created_by": "viqtoh", "changed_by": "viqtoh", "creation_date": "2025-04-10T16:54:37.910Z", "changed_date": "2025-04-10T16:54:37.910Z", "publication_date": "2025-04-10T16:54:37.910Z", "publication_end_date": null, "in_navigation": true, "soft_root": false, "reverse_id": null, "navigation_extenders": null, "template": "intelpim.html", "login_required": false, "limit_visibility_in_menu": null, "is_home": false, "application_urls": null, "application_namespace": null, "publisher_is_draft": false, "publisher_public": 4, "languages": "en", "xframe_options": 0, "is_page_type": false, "node": 3, "placeholders": [17]}}, {"model": "cms.page", "pk": 17, "fields": {"created_by": "viqtoh", "changed_by": "viqtoh", "creation_date": "2025-04-10T16:54:47.566Z", "changed_date": "2025-04-10T16:54:47.566Z", "publication_date": "2025-04-10T16:54:47.566Z", "publication_end_date": null, "in_navigation": true, "soft_root": false, "reverse_id": null, "navigation_extenders": null, "template": "bulqs.html", "login_required": false, "limit_visibility_in_menu": null, "is_home": false, "application_urls": null, "application_namespace": null, "publisher_is_draft": false, "publisher_public": 5, "languages": "en", "xframe_options": 0, "is_page_type": false, "node": 4, "placeholders": [18]}}, {"model": "cms.page", "pk": 18, "fields": {"created_by": "viqtoh", "changed_by": "viqtoh", "creation_date": "2025-04-10T16:54:59.278Z", "changed_date": "2025-04-10T16:54:59.278Z", "publication_date": "2025-04-10T16:54:59.277Z", "publication_end_date": null, "in_navigation": true, "soft_root": false, "reverse_id": null, "navigation_extenders": null, "template": "idmc.html", "login_required": false, "limit_visibility_in_menu": null, "is_home": false, "application_urls": null, "application_namespace": null, "publisher_is_draft": false, "publisher_public": 6, "languages": "en", "xframe_options": 0, "is_page_type": false, "node": 5, "placeholders": [19]}}, {"model": "cms.page", "pk": 19, "fields": {"created_by": "viqtoh", "changed_by": "viqtoh", "creation_date": "2025-04-10T16:55:07.396Z", "changed_date": "2025-04-10T16:55:07.396Z", "publication_date": "2025-04-10T16:55:07.396Z", "publication_end_date": null, "in_navigation": true, "soft_root": false, "reverse_id": null, "navigation_extenders": null, "template": "adjunqy.html", "login_required": false, "limit_visibility_in_menu": null, "is_home": false, "application_urls": null, "application_namespace": null, "publisher_is_draft": false, "publisher_public": 7, "languages": "en", "xframe_options": 0, "is_page_type": false, "node": 6, "placeholders": [20]}}, {"model": "cms.page", "pk": 20, "fields": {"created_by": "viqtoh", "changed_by": "viqtoh", "creation_date": "2025-04-10T16:55:24.477Z", "changed_date": "2025-04-10T16:55:24.477Z", "publication_date": "2025-04-10T16:55:24.476Z", "publication_end_date": null, "in_navigation": true, "soft_root": false, "reverse_id": null, "navigation_extenders": null, "template": "bulqpay.html", "login_required": false, "limit_visibility_in_menu": null, "is_home": false, "application_urls": null, "application_namespace": null, "publisher_is_draft": false, "publisher_public": 8, "languages": "en", "xframe_options": 0, "is_page_type": false, "node": 7, "placeholders": [21]}}, {"model": "cms.page", "pk": 21, "fields": {"created_by": "viqtoh", "changed_by": "viqtoh", "creation_date": "2025-04-10T16:55:33.689Z", "changed_date": "2025-04-10T16:55:33.689Z", "publication_date": "2025-04-10T16:55:33.688Z", "publication_end_date": null, "in_navigation": true, "soft_root": false, "reverse_id": null, "navigation_extenders": null, "template": "pim.html", "login_required": false, "limit_visibility_in_menu": null, "is_home": false, "application_urls": null, "application_namespace": null, "publisher_is_draft": false, "publisher_public": 9, "languages": "en", "xframe_options": 0, "is_page_type": false, "node": 8, "placeholders": [22]}}, {"model": "cms.page", "pk": 22, "fields": {"created_by": "viqtoh", "changed_by": "viqtoh", "creation_date": "2025-04-10T16:55:43.563Z", "changed_date": "2025-04-10T16:55:43.563Z", "publication_date": "2025-04-10T16:55:43.562Z", "publication_end_date": null, "in_navigation": true, "soft_root": false, "reverse_id": null, "navigation_extenders": null, "template": "erp.html", "login_required": false, "limit_visibility_in_menu": null, "is_home": false, "application_urls": null, "application_namespace": null, "publisher_is_draft": false, "publisher_public": 11, "languages": "en", "xframe_options": 0, "is_page_type": false, "node": 10, "placeholders": [23]}}, {"model": "cms.page", "pk": 23, "fields": {"created_by": "viqtoh", "changed_by": "viqtoh", "creation_date": "2025-04-10T16:55:52.286Z", "changed_date": "2025-04-10T16:55:52.286Z", "publication_date": "2025-04-10T16:55:52.286Z", "publication_end_date": null, "in_navigation": true, "soft_root": false, "reverse_id": null, "navigation_extenders": null, "template": "ai.html", "login_required": false, "limit_visibility_in_menu": null, "is_home": false, "application_urls": null, "application_namespace": null, "publisher_is_draft": false, "publisher_public": 12, "languages": "en", "xframe_options": 0, "is_page_type": false, "node": 11, "placeholders": [24]}}, {"model": "cms.page", "pk": 24, "fields": {"created_by": "viqtoh", "changed_by": "viqtoh", "creation_date": "2025-04-10T16:55:59.891Z", "changed_date": "2025-04-10T16:55:59.891Z", "publication_date": "2025-04-10T16:55:59.890Z", "publication_end_date": null, "in_navigation": true, "soft_root": false, "reverse_id": null, "navigation_extenders": null, "template": "web.html", "login_required": false, "limit_visibility_in_menu": null, "is_home": false, "application_urls": null, "application_namespace": null, "publisher_is_draft": false, "publisher_public": 10, "languages": "en", "xframe_options": 0, "is_page_type": false, "node": 9, "placeholders": [25]}}, {"model": "cms.page", "pk": 25, "fields": {"created_by": "viqtoh", "changed_by": "viqtoh", "creation_date": "2025-04-10T16:56:09.241Z", "changed_date": "2025-04-10T16:56:09.241Z", "publication_date": "2025-04-10T16:56:09.240Z", "publication_end_date": null, "in_navigation": true, "soft_root": false, "reverse_id": null, "navigation_extenders": null, "template": "concept.html", "login_required": false, "limit_visibility_in_menu": null, "is_home": false, "application_urls": null, "application_namespace": null, "publisher_is_draft": false, "publisher_public": 13, "languages": "en", "xframe_options": 0, "is_page_type": false, "node": 12, "placeholders": [26]}}, {"model": "cms.page", "pk": 26, "fields": {"created_by": "viqtoh", "changed_by": "viqtoh", "creation_date": "2025-04-10T16:56:18.218Z", "changed_date": "2025-04-10T16:56:18.218Z", "publication_date": "2025-04-10T16:56:18.218Z", "publication_end_date": null, "in_navigation": true, "soft_root": false, "reverse_id": null, "navigation_extenders": null, "template": "about.html", "login_required": false, "limit_visibility_in_menu": null, "is_home": false, "application_urls": null, "application_namespace": null, "publisher_is_draft": false, "publisher_public": 14, "languages": "en", "xframe_options": 0, "is_page_type": false, "node": 13, "placeholders": [27]}}, {"model": "cms.placeholder", "pk": 1, "fields": {"slot": "clipboard", "default_width": null}}, {"model": "cms.placeholder", "pk": 2, "fields": {"slot": "content", "default_width": null}}, {"model": "cms.placeholder", "pk": 3, "fields": {"slot": "content", "default_width": null}}, {"model": "cms.placeholder", "pk": 4, "fields": {"slot": "content", "default_width": null}}, {"model": "cms.placeholder", "pk": 5, "fields": {"slot": "content", "default_width": null}}, {"model": "cms.placeholder", "pk": 6, "fields": {"slot": "content", "default_width": null}}, {"model": "cms.placeholder", "pk": 7, "fields": {"slot": "content", "default_width": null}}, {"model": "cms.placeholder", "pk": 8, "fields": {"slot": "content", "default_width": null}}, {"model": "cms.placeholder", "pk": 9, "fields": {"slot": "content", "default_width": null}}, {"model": "cms.placeholder", "pk": 10, "fields": {"slot": "content", "default_width": null}}, {"model": "cms.placeholder", "pk": 11, "fields": {"slot": "content", "default_width": null}}, {"model": "cms.placeholder", "pk": 12, "fields": {"slot": "content", "default_width": null}}, {"model": "cms.placeholder", "pk": 13, "fields": {"slot": "content", "default_width": null}}, {"model": "cms.placeholder", "pk": 14, "fields": {"slot": "content", "default_width": null}}, {"model": "cms.placeholder", "pk": 15, "fields": {"slot": "content", "default_width": null}}, {"model": "cms.placeholder", "pk": 16, "fields": {"slot": "content", "default_width": null}}, {"model": "cms.placeholder", "pk": 17, "fields": {"slot": "content", "default_width": null}}, {"model": "cms.placeholder", "pk": 18, "fields": {"slot": "content", "default_width": null}}, {"model": "cms.placeholder", "pk": 19, "fields": {"slot": "content", "default_width": null}}, {"model": "cms.placeholder", "pk": 20, "fields": {"slot": "content", "default_width": null}}, {"model": "cms.placeholder", "pk": 21, "fields": {"slot": "content", "default_width": null}}, {"model": "cms.placeholder", "pk": 22, "fields": {"slot": "content", "default_width": null}}, {"model": "cms.placeholder", "pk": 23, "fields": {"slot": "content", "default_width": null}}, {"model": "cms.placeholder", "pk": 24, "fields": {"slot": "content", "default_width": null}}, {"model": "cms.placeholder", "pk": 25, "fields": {"slot": "content", "default_width": null}}, {"model": "cms.placeholder", "pk": 26, "fields": {"slot": "content", "default_width": null}}, {"model": "cms.placeholder", "pk": 27, "fields": {"slot": "content", "default_width": null}}, {"model": "cms.placeholder", "pk": 28, "fields": {"slot": "Icon Row", "default_width": null}}, {"model": "cms.placeholder", "pk": 29, "fields": {"slot": "Icon Row", "default_width": null}}, {"model": "cms.placeholder", "pk": 30, "fields": {"slot": "AttributeItems", "default_width": null}}, {"model": "cms.placeholder", "pk": 31, "fields": {"slot": "AttributeItems", "default_width": null}}, {"model": "cms.placeholder", "pk": 32, "fields": {"slot": "AccordionItems", "default_width": null}}, {"model": "cms.placeholder", "pk": 33, "fields": {"slot": "AccordionItems", "default_width": null}}, {"model": "cms.placeholder", "pk": 34, "fields": {"slot": "banner_slider", "default_width": null}}, {"model": "cms.placeholder", "pk": 35, "fields": {"slot": "Banner Slider", "default_width": null}}, {"model": "cms.cmsplugin", "pk": 1, "fields": {"path": "0001", "depth": 1, "numchild": 0, "placeholder": 29, "parent": null, "position": 0, "language": "en", "plugin_type": "IconRowPlugin", "creation_date": "2025-04-10T17:09:42.404Z", "changed_date": "2025-04-10T17:16:15.017Z"}}, {"model": "cms.cmsplugin", "pk": 22, "fields": {"path": "000D", "depth": 1, "numchild": 0, "placeholder": 30, "parent": null, "position": 0, "language": "en", "plugin_type": "AttributeItemPlugin", "creation_date": "2025-04-11T12:40:25.723Z", "changed_date": "2025-04-11T12:41:47.895Z"}}, {"model": "cms.cmsplugin", "pk": 23, "fields": {"path": "000E", "depth": 1, "numchild": 0, "placeholder": 30, "parent": null, "position": 1, "language": "en", "plugin_type": "AttributeItemPlugin", "creation_date": "2025-04-11T12:41:37.069Z", "changed_date": "2025-04-13T18:41:01.574Z"}}, {"model": "cms.cmsplugin", "pk": 24, "fields": {"path": "000F", "depth": 1, "numchild": 0, "placeholder": 30, "parent": null, "position": 2, "language": "en", "plugin_type": "AttributeItemPlugin", "creation_date": "2025-04-11T12:46:05.834Z", "changed_date": "2025-04-11T12:46:05.839Z"}}, {"model": "cms.cmsplugin", "pk": 25, "fields": {"path": "000G", "depth": 1, "numchild": 0, "placeholder": 30, "parent": null, "position": 3, "language": "en", "plugin_type": "AttributeItemPlugin", "creation_date": "2025-04-11T12:47:04.521Z", "changed_date": "2025-04-11T12:47:56.425Z"}}, {"model": "cms.cmsplugin", "pk": 36, "fields": {"path": "000R", "depth": 1, "numchild": 0, "placeholder": 32, "parent": null, "position": 0, "language": "en", "plugin_type": "AccordionItemPlugin", "creation_date": "2025-04-11T12:56:57.439Z", "changed_date": "2025-04-11T12:57:12.956Z"}}, {"model": "cms.cmsplugin", "pk": 37, "fields": {"path": "000S", "depth": 1, "numchild": 0, "placeholder": 32, "parent": null, "position": 1, "language": "en", "plugin_type": "AccordionItemPlugin", "creation_date": "2025-04-11T13:03:03.872Z", "changed_date": "2025-04-13T18:42:43.281Z"}}, {"model": "cms.cmsplugin", "pk": 38, "fields": {"path": "000T", "depth": 1, "numchild": 0, "placeholder": 32, "parent": null, "position": 2, "language": "en", "plugin_type": "AccordionItemPlugin", "creation_date": "2025-04-11T13:04:06.623Z", "changed_date": "2025-04-11T13:04:22.114Z"}}, {"model": "cms.cmsplugin", "pk": 39, "fields": {"path": "000U", "depth": 1, "numchild": 0, "placeholder": 32, "parent": null, "position": 3, "language": "en", "plugin_type": "AccordionItemPlugin", "creation_date": "2025-04-11T13:04:46.500Z", "changed_date": "2025-04-11T13:04:46.504Z"}}, {"model": "cms.cmsplugin", "pk": 40, "fields": {"path": "000V", "depth": 1, "numchild": 0, "placeholder": 32, "parent": null, "position": 4, "language": "en", "plugin_type": "AccordionItemPlugin", "creation_date": "2025-04-11T13:05:58.329Z", "changed_date": "2025-04-11T13:05:58.334Z"}}, {"model": "cms.cmsplugin", "pk": 41, "fields": {"path": "000W", "depth": 1, "numchild": 0, "placeholder": 32, "parent": null, "position": 5, "language": "en", "plugin_type": "AccordionItemPlugin", "creation_date": "2025-04-11T13:06:17.456Z", "changed_date": "2025-04-11T13:06:17.460Z"}}, {"model": "cms.cmsplugin", "pk": 42, "fields": {"path": "000X", "depth": 1, "numchild": 0, "placeholder": 28, "parent": null, "position": 0, "language": "en", "plugin_type": "IconRowPlugin", "creation_date": "2025-04-10T17:09:42.404Z", "changed_date": "2025-04-11T13:22:21.100Z"}}, {"model": "cms.cmsplugin", "pk": 43, "fields": {"path": "000Y", "depth": 1, "numchild": 0, "placeholder": 28, "parent": null, "position": 1, "language": "en", "plugin_type": "IconRowPlugin", "creation_date": "2025-04-10T17:10:54.275Z", "changed_date": "2025-04-11T13:22:21.110Z"}}, {"model": "cms.cmsplugin", "pk": 44, "fields": {"path": "000Z", "depth": 1, "numchild": 0, "placeholder": 28, "parent": null, "position": 2, "language": "en", "plugin_type": "IconRowPlugin", "creation_date": "2025-04-10T17:11:15.527Z", "changed_date": "2025-04-11T13:22:21.118Z"}}, {"model": "cms.cmsplugin", "pk": 45, "fields": {"path": "0010", "depth": 1, "numchild": 0, "placeholder": 28, "parent": null, "position": 3, "language": "en", "plugin_type": "IconRowPlugin", "creation_date": "2025-04-10T17:17:05.341Z", "changed_date": "2025-04-11T13:22:21.126Z"}}, {"model": "cms.cmsplugin", "pk": 46, "fields": {"path": "0011", "depth": 1, "numchild": 0, "placeholder": 28, "parent": null, "position": 4, "language": "en", "plugin_type": "IconRowPlugin", "creation_date": "2025-04-10T17:18:25.366Z", "changed_date": "2025-04-11T13:22:21.135Z"}}, {"model": "cms.cmsplugin", "pk": 47, "fields": {"path": "0012", "depth": 1, "numchild": 0, "placeholder": 28, "parent": null, "position": 5, "language": "en", "plugin_type": "IconRowPlugin", "creation_date": "2025-04-10T17:19:13.148Z", "changed_date": "2025-04-11T13:22:21.143Z"}}, {"model": "cms.cmsplugin", "pk": 48, "fields": {"path": "0013", "depth": 1, "numchild": 0, "placeholder": 31, "parent": null, "position": 0, "language": "en", "plugin_type": "AttributeItemPlugin", "creation_date": "2025-04-11T12:40:25.723Z", "changed_date": "2025-04-11T13:22:21.170Z"}}, {"model": "cms.cmsplugin", "pk": 49, "fields": {"path": "0014", "depth": 1, "numchild": 0, "placeholder": 31, "parent": null, "position": 1, "language": "en", "plugin_type": "AttributeItemPlugin", "creation_date": "2025-04-11T12:41:37.069Z", "changed_date": "2025-04-11T13:22:21.180Z"}}, {"model": "cms.cmsplugin", "pk": 50, "fields": {"path": "0015", "depth": 1, "numchild": 0, "placeholder": 31, "parent": null, "position": 2, "language": "en", "plugin_type": "AttributeItemPlugin", "creation_date": "2025-04-11T12:46:05.834Z", "changed_date": "2025-04-11T13:22:21.190Z"}}, {"model": "cms.cmsplugin", "pk": 51, "fields": {"path": "0016", "depth": 1, "numchild": 0, "placeholder": 31, "parent": null, "position": 3, "language": "en", "plugin_type": "AttributeItemPlugin", "creation_date": "2025-04-11T12:47:04.521Z", "changed_date": "2025-04-11T13:22:21.197Z"}}, {"model": "cms.cmsplugin", "pk": 52, "fields": {"path": "0017", "depth": 1, "numchild": 0, "placeholder": 33, "parent": null, "position": 0, "language": "en", "plugin_type": "AccordionItemPlugin", "creation_date": "2025-04-11T12:56:57.439Z", "changed_date": "2025-04-11T13:22:21.233Z"}}, {"model": "cms.cmsplugin", "pk": 53, "fields": {"path": "0018", "depth": 1, "numchild": 0, "placeholder": 33, "parent": null, "position": 1, "language": "en", "plugin_type": "AccordionItemPlugin", "creation_date": "2025-04-11T13:03:03.872Z", "changed_date": "2025-04-11T13:22:21.243Z"}}, {"model": "cms.cmsplugin", "pk": 54, "fields": {"path": "0019", "depth": 1, "numchild": 0, "placeholder": 33, "parent": null, "position": 2, "language": "en", "plugin_type": "AccordionItemPlugin", "creation_date": "2025-04-11T13:04:06.623Z", "changed_date": "2025-04-11T13:22:21.252Z"}}, {"model": "cms.cmsplugin", "pk": 55, "fields": {"path": "001A", "depth": 1, "numchild": 0, "placeholder": 33, "parent": null, "position": 3, "language": "en", "plugin_type": "AccordionItemPlugin", "creation_date": "2025-04-11T13:04:46.500Z", "changed_date": "2025-04-11T13:22:21.261Z"}}, {"model": "cms.cmsplugin", "pk": 56, "fields": {"path": "001B", "depth": 1, "numchild": 0, "placeholder": 33, "parent": null, "position": 4, "language": "en", "plugin_type": "AccordionItemPlugin", "creation_date": "2025-04-11T13:05:58.329Z", "changed_date": "2025-04-11T13:22:21.268Z"}}, {"model": "cms.cmsplugin", "pk": 57, "fields": {"path": "001C", "depth": 1, "numchild": 0, "placeholder": 33, "parent": null, "position": 5, "language": "en", "plugin_type": "AccordionItemPlugin", "creation_date": "2025-04-11T13:06:17.456Z", "changed_date": "2025-04-11T13:22:21.278Z"}}, {"model": "cms.cmsplugin", "pk": 58, "fields": {"path": "001D", "depth": 1, "numchild": 0, "placeholder": 35, "parent": null, "position": 0, "language": "en", "plugin_type": "BannerSliderPlugin", "creation_date": "2025-04-13T19:09:37.247Z", "changed_date": "2025-04-13T19:22:04.141Z"}}, {"model": "cms.title", "pk": 1, "fields": {"language": "en", "title": "Home", "page_title": null, "menu_title": null, "meta_description": null, "slug": "home", "path": "", "has_url_overwrite": false, "redirect": null, "page": 1, "creation_date": "2025-04-10T14:03:16.775Z", "published": true, "publisher_is_draft": true, "publisher_public": 2, "publisher_state": 1}}, {"model": "cms.title", "pk": 2, "fields": {"language": "en", "title": "Home", "page_title": null, "menu_title": null, "meta_description": null, "slug": "home", "path": "", "has_url_overwrite": false, "redirect": null, "page": 2, "creation_date": "2025-04-10T14:03:16.775Z", "published": true, "publisher_is_draft": false, "publisher_public": 1, "publisher_state": 0}}, {"model": "cms.title", "pk": 3, "fields": {"language": "en", "title": "Bulqe", "page_title": "Bulqe", "menu_title": "", "meta_description": "", "slug": "bulqe", "path": "bulqe", "has_url_overwrite": false, "redirect": null, "page": 3, "creation_date": "2025-04-10T14:39:17.108Z", "published": true, "publisher_is_draft": true, "publisher_public": 15, "publisher_state": 0}}, {"model": "cms.title", "pk": 4, "fields": {"language": "en", "title": "Intelpim", "page_title": "Intelpim", "menu_title": "", "meta_description": "", "slug": "intelpim", "path": "intelpim", "has_url_overwrite": false, "redirect": null, "page": 4, "creation_date": "2025-04-10T14:39:55.586Z", "published": true, "publisher_is_draft": true, "publisher_public": 16, "publisher_state": 0}}, {"model": "cms.title", "pk": 5, "fields": {"language": "en", "title": "bulqs", "page_title": "bulqs", "menu_title": "", "meta_description": "", "slug": "bulqs", "path": "bulqs", "has_url_overwrite": false, "redirect": null, "page": 5, "creation_date": "2025-04-10T15:12:35.697Z", "published": true, "publisher_is_draft": true, "publisher_public": 17, "publisher_state": 0}}, {"model": "cms.title", "pk": 6, "fields": {"language": "en", "title": "idmc", "page_title": "idmc", "menu_title": "", "meta_description": "", "slug": "idmc", "path": "idmc", "has_url_overwrite": false, "redirect": null, "page": 6, "creation_date": "2025-04-10T15:12:58.298Z", "published": true, "publisher_is_draft": true, "publisher_public": 18, "publisher_state": 0}}, {"model": "cms.title", "pk": 7, "fields": {"language": "en", "title": "adjunqy", "page_title": "adjunqy", "menu_title": "", "meta_description": "", "slug": "adjunqy", "path": "adjunqy", "has_url_overwrite": false, "redirect": null, "page": 7, "creation_date": "2025-04-10T15:13:13.333Z", "published": true, "publisher_is_draft": true, "publisher_public": 19, "publisher_state": 0}}, {"model": "cms.title", "pk": 8, "fields": {"language": "en", "title": "bulqpay", "page_title": "bulqpay", "menu_title": "", "meta_description": "", "slug": "bulqpay", "path": "bulqpay", "has_url_overwrite": false, "redirect": null, "page": 8, "creation_date": "2025-04-10T15:13:28.025Z", "published": true, "publisher_is_draft": true, "publisher_public": 20, "publisher_state": 0}}, {"model": "cms.title", "pk": 9, "fields": {"language": "en", "title": "PIM Solutions Services", "page_title": "PIM Solution Services", "menu_title": "", "meta_description": "", "slug": "pimsolutionservices", "path": "pimsolutionservices", "has_url_overwrite": false, "redirect": null, "page": 9, "creation_date": "2025-04-10T16:05:23.644Z", "published": true, "publisher_is_draft": true, "publisher_public": 21, "publisher_state": 0}}, {"model": "cms.title", "pk": 10, "fields": {"language": "en", "title": "Website Development", "page_title": "Website Development", "menu_title": "", "meta_description": "", "slug": "websitedevelopment", "path": "websitedevelopment", "has_url_overwrite": false, "redirect": null, "page": 10, "creation_date": "2025-04-10T16:07:47.991Z", "published": true, "publisher_is_draft": true, "publisher_public": 24, "publisher_state": 0}}, {"model": "cms.title", "pk": 11, "fields": {"language": "en", "title": "ERP & CRM Services", "page_title": "ERP & CRM Services", "menu_title": "", "meta_description": "", "slug": "erpandcrmservices", "path": "erpandcrmservices", "has_url_overwrite": false, "redirect": null, "page": 11, "creation_date": "2025-04-10T16:09:10.788Z", "published": true, "publisher_is_draft": true, "publisher_public": 22, "publisher_state": 0}}, {"model": "cms.title", "pk": 12, "fields": {"language": "en", "title": "AI Integration", "page_title": "AI Integration", "menu_title": "", "meta_description": "", "slug": "ai-integration", "path": "ai-integration", "has_url_overwrite": false, "redirect": null, "page": 12, "creation_date": "2025-04-10T16:09:55.871Z", "published": true, "publisher_is_draft": true, "publisher_public": 23, "publisher_state": 0}}, {"model": "cms.title", "pk": 13, "fields": {"language": "en", "title": "Concept Design", "page_title": "Concept Design", "menu_title": "", "meta_description": "", "slug": "conceptdesign", "path": "conceptdesign", "has_url_overwrite": false, "redirect": null, "page": 13, "creation_date": "2025-04-10T16:11:37.640Z", "published": true, "publisher_is_draft": true, "publisher_public": 25, "publisher_state": 0}}, {"model": "cms.title", "pk": 14, "fields": {"language": "en", "title": "About", "page_title": "About", "menu_title": "", "meta_description": "", "slug": "about", "path": "about", "has_url_overwrite": false, "redirect": null, "page": 14, "creation_date": "2025-04-10T16:12:22.659Z", "published": true, "publisher_is_draft": true, "publisher_public": 26, "publisher_state": 0}}, {"model": "cms.title", "pk": 15, "fields": {"language": "en", "title": "Bulqe", "page_title": "Bulqe", "menu_title": "", "meta_description": "", "slug": "bulqe", "path": "bulqe", "has_url_overwrite": false, "redirect": null, "page": 15, "creation_date": "2025-04-10T14:39:17.108Z", "published": true, "publisher_is_draft": false, "publisher_public": 3, "publisher_state": 0}}, {"model": "cms.title", "pk": 16, "fields": {"language": "en", "title": "Intelpim", "page_title": "Intelpim", "menu_title": "", "meta_description": "", "slug": "intelpim", "path": "intelpim", "has_url_overwrite": false, "redirect": null, "page": 16, "creation_date": "2025-04-10T14:39:55.586Z", "published": true, "publisher_is_draft": false, "publisher_public": 4, "publisher_state": 0}}, {"model": "cms.title", "pk": 17, "fields": {"language": "en", "title": "bulqs", "page_title": "bulqs", "menu_title": "", "meta_description": "", "slug": "bulqs", "path": "bulqs", "has_url_overwrite": false, "redirect": null, "page": 17, "creation_date": "2025-04-10T15:12:35.697Z", "published": true, "publisher_is_draft": false, "publisher_public": 5, "publisher_state": 0}}, {"model": "cms.title", "pk": 18, "fields": {"language": "en", "title": "idmc", "page_title": "idmc", "menu_title": "", "meta_description": "", "slug": "idmc", "path": "idmc", "has_url_overwrite": false, "redirect": null, "page": 18, "creation_date": "2025-04-10T15:12:58.298Z", "published": true, "publisher_is_draft": false, "publisher_public": 6, "publisher_state": 0}}, {"model": "cms.title", "pk": 19, "fields": {"language": "en", "title": "adjunqy", "page_title": "adjunqy", "menu_title": "", "meta_description": "", "slug": "adjunqy", "path": "adjunqy", "has_url_overwrite": false, "redirect": null, "page": 19, "creation_date": "2025-04-10T15:13:13.333Z", "published": true, "publisher_is_draft": false, "publisher_public": 7, "publisher_state": 0}}, {"model": "cms.title", "pk": 20, "fields": {"language": "en", "title": "bulqpay", "page_title": "bulqpay", "menu_title": "", "meta_description": "", "slug": "bulqpay", "path": "bulqpay", "has_url_overwrite": false, "redirect": null, "page": 20, "creation_date": "2025-04-10T15:13:28.025Z", "published": true, "publisher_is_draft": false, "publisher_public": 8, "publisher_state": 0}}, {"model": "cms.title", "pk": 21, "fields": {"language": "en", "title": "PIM Solutions Services", "page_title": "PIM Solution Services", "menu_title": "", "meta_description": "", "slug": "pimsolutionservices", "path": "pimsolutionservices", "has_url_overwrite": false, "redirect": null, "page": 21, "creation_date": "2025-04-10T16:05:23.644Z", "published": true, "publisher_is_draft": false, "publisher_public": 9, "publisher_state": 0}}, {"model": "cms.title", "pk": 22, "fields": {"language": "en", "title": "ERP & CRM Services", "page_title": "ERP & CRM Services", "menu_title": "", "meta_description": "", "slug": "erpandcrmservices", "path": "erpandcrmservices", "has_url_overwrite": false, "redirect": null, "page": 22, "creation_date": "2025-04-10T16:09:10.788Z", "published": true, "publisher_is_draft": false, "publisher_public": 11, "publisher_state": 0}}, {"model": "cms.title", "pk": 23, "fields": {"language": "en", "title": "AI Integration", "page_title": "AI Integration", "menu_title": "", "meta_description": "", "slug": "ai-integration", "path": "ai-integration", "has_url_overwrite": false, "redirect": null, "page": 23, "creation_date": "2025-04-10T16:09:55.871Z", "published": true, "publisher_is_draft": false, "publisher_public": 12, "publisher_state": 0}}, {"model": "cms.title", "pk": 24, "fields": {"language": "en", "title": "Website Development", "page_title": "Website Development", "menu_title": "", "meta_description": "", "slug": "websitedevelopment", "path": "websitedevelopment", "has_url_overwrite": false, "redirect": null, "page": 24, "creation_date": "2025-04-10T16:07:47.991Z", "published": true, "publisher_is_draft": false, "publisher_public": 10, "publisher_state": 0}}, {"model": "cms.title", "pk": 25, "fields": {"language": "en", "title": "Concept Design", "page_title": "Concept Design", "menu_title": "", "meta_description": "", "slug": "conceptdesign", "path": "conceptdesign", "has_url_overwrite": false, "redirect": null, "page": 25, "creation_date": "2025-04-10T16:11:37.640Z", "published": true, "publisher_is_draft": false, "publisher_public": 13, "publisher_state": 0}}, {"model": "cms.title", "pk": 26, "fields": {"language": "en", "title": "About", "page_title": "About", "menu_title": "", "meta_description": "", "slug": "about", "path": "about", "has_url_overwrite": false, "redirect": null, "page": 26, "creation_date": "2025-04-10T16:12:22.659Z", "published": true, "publisher_is_draft": false, "publisher_public": 14, "publisher_state": 0}}, {"model": "cms.urlconfrevision", "pk": 1, "fields": {"revision": "c99f9f10-394a-4a75-8061-587b04f86401"}}, {"model": "filer.file", "pk": 1, "fields": {"polymorphic_ctype": 30, "folder": null, "file": "filer_public/4d/c7/4dc7e9fc-d715-42f0-9762-d84ecdbc08cb/banner-slider-1.jpg", "_file_size": 155865, "sha1": "de1af7e126f58b91a73b6a069413b1d2b0674dc4", "has_all_mandatory_data": false, "original_filename": "banner-slider-1.jpg", "name": "", "description": null, "owner": 2, "uploaded_at": "2025-04-13T19:09:34.793Z", "modified_at": "2025-04-13T19:09:34.793Z", "is_public": true, "mime_type": "image/jpeg"}}, {"model": "filer.file", "pk": 2, "fields": {"polymorphic_ctype": 30, "folder": null, "file": "filer_public/bf/cf/bfcf3621-0ddf-47f7-8687-667c95f7a177/banner-slider-2.jpeg", "_file_size": 249888, "sha1": "782913377591f5005fe2a6b358b8cad3b6f21037", "has_all_mandatory_data": false, "original_filename": "banner-slider-2.jpeg", "name": "", "description": null, "owner": 2, "uploaded_at": "2025-04-13T19:11:42.876Z", "modified_at": "2025-04-13T19:11:42.876Z", "is_public": true, "mime_type": "image/jpeg"}}, {"model": "filer.file", "pk": 3, "fields": {"polymorphic_ctype": 30, "folder": null, "file": "filer_public/1f/9b/1f9bdbd9-3240-4cfc-9b0a-bc4200ca5a3e/banner-slider-3.jpg", "_file_size": 115758, "sha1": "5a6096719840af7a83b9b6375f213d4c11026876", "has_all_mandatory_data": false, "original_filename": "banner-slider-3.jpg", "name": "", "description": null, "owner": 2, "uploaded_at": "2025-04-13T19:11:46.587Z", "modified_at": "2025-04-13T19:11:46.587Z", "is_public": true, "mime_type": "image/jpeg"}}, {"model": "filer.file", "pk": 4, "fields": {"polymorphic_ctype": 30, "folder": null, "file": "filer_public/13/4f/134fb067-7e33-45cf-a49a-ba61cbea881e/banner-slider-4.jpg", "_file_size": 125172, "sha1": "dd1f1a8b8f3b7a487145a2373f28cdd05d64a039", "has_all_mandatory_data": false, "original_filename": "banner-slider-4.jpg", "name": "", "description": null, "owner": 2, "uploaded_at": "2025-04-13T19:11:53.097Z", "modified_at": "2025-04-13T19:11:53.097Z", "is_public": true, "mime_type": "image/jpeg"}}, {"model": "filer.image", "pk": 1, "fields": {"_height": 1080.0, "_width": 2000.0, "_transparent": false, "default_alt_text": null, "default_caption": null, "subject_location": "", "date_taken": "2025-04-13T19:09:34.777Z", "author": null, "must_always_publish_author_credit": false, "must_always_publish_copyright": false}}, {"model": "filer.image", "pk": 2, "fields": {"_height": 1123.0, "_width": 2080.0, "_transparent": false, "default_alt_text": null, "default_caption": null, "subject_location": "", "date_taken": "2025-04-13T19:11:42.863Z", "author": null, "must_always_publish_author_credit": false, "must_always_publish_copyright": false}}, {"model": "filer.image", "pk": 3, "fields": {"_height": 1080.0, "_width": 2000.0, "_transparent": false, "default_alt_text": null, "default_caption": null, "subject_location": "", "date_taken": "2025-04-13T19:11:46.579Z", "author": null, "must_always_publish_author_credit": false, "must_always_publish_copyright": false}}, {"model": "filer.image", "pk": 4, "fields": {"_height": 1080.0, "_width": 2000.0, "_transparent": false, "default_alt_text": null, "default_caption": null, "subject_location": "", "date_taken": "2025-04-13T19:11:53.082Z", "author": null, "must_always_publish_author_credit": false, "must_always_publish_copyright": false}}, {"model": "easy_thumbnails.source", "pk": 1, "fields": {"storage_hash": "f9bde26a1556cd667f742bd34ec7c55e", "name": "filer_public/4d/c7/4dc7e9fc-d715-42f0-9762-d84ecdbc08cb/banner-slider-1.jpg", "modified": "2025-04-13T19:09:54.482Z"}}, {"model": "easy_thumbnails.source", "pk": 2, "fields": {"storage_hash": "f9bde26a1556cd667f742bd34ec7c55e", "name": "filer_public/bf/cf/bfcf3621-0ddf-47f7-8687-667c95f7a177/banner-slider-2.jpeg", "modified": "2025-04-13T19:21:55.913Z"}}, {"model": "easy_thumbnails.source", "pk": 3, "fields": {"storage_hash": "f9bde26a1556cd667f742bd34ec7c55e", "name": "filer_public/1f/9b/1f9bdbd9-3240-4cfc-9b0a-bc4200ca5a3e/banner-slider-3.jpg", "modified": "2025-04-13T19:21:56.136Z"}}, {"model": "easy_thumbnails.source", "pk": 4, "fields": {"storage_hash": "f9bde26a1556cd667f742bd34ec7c55e", "name": "filer_public/13/4f/134fb067-7e33-45cf-a49a-ba61cbea881e/banner-slider-4.jpg", "modified": "2025-04-13T19:21:56.344Z"}}, {"model": "easy_thumbnails.thumbnail", "pk": 1, "fields": {"storage_hash": "f9bde26a1556cd667f742bd34ec7c55e", "name": "filer_public_thumbnails\\filer_public/4d/c7/4dc7e9fc-d715-42f0-9762-d84ecdbc08cb\\banner-slider-1.jpg__180x180_q85_crop_subsampling-2_upscale.jpg", "modified": "2025-04-13T19:09:35.084Z", "source": 1}}, {"model": "easy_thumbnails.thumbnail", "pk": 2, "fields": {"storage_hash": "f9bde26a1556cd667f742bd34ec7c55e", "name": "filer_public_thumbnails\\filer_public/4d/c7/4dc7e9fc-d715-42f0-9762-d84ecdbc08cb\\banner-slider-1.jpg__80x80_q85_crop_subsampling-2.jpg", "modified": "2025-04-13T19:09:54.490Z", "source": 1}}, {"model": "easy_thumbnails.thumbnail", "pk": 3, "fields": {"storage_hash": "f9bde26a1556cd667f742bd34ec7c55e", "name": "filer_public_thumbnails\\filer_public/4d/c7/4dc7e9fc-d715-42f0-9762-d84ecdbc08cb\\banner-slider-1.jpg__160x160_q85_crop_subsampling-2.jpg", "modified": "2025-04-13T19:09:54.576Z", "source": 1}}, {"model": "easy_thumbnails.thumbnail", "pk": 4, "fields": {"storage_hash": "f9bde26a1556cd667f742bd34ec7c55e", "name": "filer_public_thumbnails\\filer_public/bf/cf/bfcf3621-0ddf-47f7-8687-667c95f7a177\\banner-slider-2.jpeg__180x180_q85_crop_subsampling-2_upscale.jpg", "modified": "2025-04-13T19:11:42.987Z", "source": 2}}, {"model": "easy_thumbnails.thumbnail", "pk": 5, "fields": {"storage_hash": "f9bde26a1556cd667f742bd34ec7c55e", "name": "filer_public_thumbnails\\filer_public/1f/9b/1f9bdbd9-3240-4cfc-9b0a-bc4200ca5a3e\\banner-slider-3.jpg__180x180_q85_crop_subsampling-2_upscale.jpg", "modified": "2025-04-13T19:11:46.685Z", "source": 3}}, {"model": "easy_thumbnails.thumbnail", "pk": 6, "fields": {"storage_hash": "f9bde26a1556cd667f742bd34ec7c55e", "name": "filer_public_thumbnails\\filer_public/13/4f/134fb067-7e33-45cf-a49a-ba61cbea881e\\banner-slider-4.jpg__180x180_q85_crop_subsampling-2_upscale.jpg", "modified": "2025-04-13T19:11:53.193Z", "source": 4}}, {"model": "easy_thumbnails.thumbnail", "pk": 7, "fields": {"storage_hash": "f9bde26a1556cd667f742bd34ec7c55e", "name": "filer_public_thumbnails\\filer_public/bf/cf/bfcf3621-0ddf-47f7-8687-667c95f7a177\\banner-slider-2.jpeg__80x80_q85_crop_subsampling-2.jpg", "modified": "2025-04-13T19:21:55.927Z", "source": 2}}, {"model": "easy_thumbnails.thumbnail", "pk": 8, "fields": {"storage_hash": "f9bde26a1556cd667f742bd34ec7c55e", "name": "filer_public_thumbnails\\filer_public/bf/cf/bfcf3621-0ddf-47f7-8687-667c95f7a177\\banner-slider-2.jpeg__160x160_q85_crop_subsampling-2.jpg", "modified": "2025-04-13T19:21:56.014Z", "source": 2}}, {"model": "easy_thumbnails.thumbnail", "pk": 9, "fields": {"storage_hash": "f9bde26a1556cd667f742bd34ec7c55e", "name": "filer_public_thumbnails\\filer_public/1f/9b/1f9bdbd9-3240-4cfc-9b0a-bc4200ca5a3e\\banner-slider-3.jpg__80x80_q85_crop_subsampling-2.jpg", "modified": "2025-04-13T19:21:56.153Z", "source": 3}}, {"model": "easy_thumbnails.thumbnail", "pk": 10, "fields": {"storage_hash": "f9bde26a1556cd667f742bd34ec7c55e", "name": "filer_public_thumbnails\\filer_public/1f/9b/1f9bdbd9-3240-4cfc-9b0a-bc4200ca5a3e\\banner-slider-3.jpg__160x160_q85_crop_subsampling-2.jpg", "modified": "2025-04-13T19:21:56.230Z", "source": 3}}, {"model": "easy_thumbnails.thumbnail", "pk": 11, "fields": {"storage_hash": "f9bde26a1556cd667f742bd34ec7c55e", "name": "filer_public_thumbnails\\filer_public/13/4f/134fb067-7e33-45cf-a49a-ba61cbea881e\\banner-slider-4.jpg__80x80_q85_crop_subsampling-2.jpg", "modified": "2025-04-13T19:21:56.355Z", "source": 4}}, {"model": "easy_thumbnails.thumbnail", "pk": 12, "fields": {"storage_hash": "f9bde26a1556cd667f742bd34ec7c55e", "name": "filer_public_thumbnails\\filer_public/13/4f/134fb067-7e33-45cf-a49a-ba61cbea881e\\banner-slider-4.jpg__160x160_q85_crop_subsampling-2.jpg", "modified": "2025-04-13T19:21:56.435Z", "source": 4}}, {"model": "bulqsoftDjango.attributeitem", "pk": 22, "fields": {"title": "PIM Solutions", "body": "We offer a comprehensive product information management solution that helps you manage your product data efficiently.", "icon_class": "lqd-icn-ess icon-lqd-mobile"}}, {"model": "bulqsoftDjango.attributeitem", "pk": 23, "fields": {"title": "ERP & CRM Solutions", "body": "Our team of expert can help you integrate your ERP and CRM systems to improve your business operations.", "icon_class": "lqd-icn-ess icon-lqd-path"}}, {"model": "bulqsoftDjango.attributeitem", "pk": 24, "fields": {"title": "Website Development", "body": "We offer custom website development services to help you create the perfect website for your business.", "icon_class": "lqd-icn-ess icon-lqd-target"}}, {"model": "bulqsoftDjango.attributeitem", "pk": 25, "fields": {"title": "Concept Design", "body": "Our design team can help you create a concept design for your next project and bring your ideas to life.", "icon_class": "lqd-icn-ess icon-lqd-presentation"}}, {"model": "bulqsoftDjango.attributeitem", "pk": 48, "fields": {"title": "PIM Solutions", "body": "We offer a comprehensive product information management solution that helps you manage your product data efficiently.", "icon_class": "lqd-icn-ess icon-lqd-mobile"}}, {"model": "bulqsoftDjango.attributeitem", "pk": 49, "fields": {"title": "ERP & CRM Solutions", "body": "Our team of experts can help you integrate your ERP and CRM systems to improve your business operations.", "icon_class": "lqd-icn-ess icon-lqd-path"}}, {"model": "bulqsoftDjango.attributeitem", "pk": 50, "fields": {"title": "Website Development", "body": "We offer custom website development services to help you create the perfect website for your business.", "icon_class": "lqd-icn-ess icon-lqd-target"}}, {"model": "bulqsoftDjango.attributeitem", "pk": 51, "fields": {"title": "Concept Design", "body": "Our design team can help you create a concept design for your next project and bring your ideas to life.", "icon_class": "lqd-icn-ess icon-lqd-presentation"}}, {"model": "bulqsoftDjango.accordionitem", "pk": 36, "fields": {"title": "Bulqe", "body": "Elevate Your E-commerce by aligning with Digital Trends Capable of supporting your e-commerce/drop shipping ventures."}}, {"model": "bulqsoftDjango.accordionitem", "pk": 37, "fields": {"title": "Intelligent Data Modifiers & Connectors", "body": "Simplify Your Online Store Listings and Save Time Creating Them with AI-Assisted Bulk Product Specifications system"}}, {"model": "bulqsoftDjango.accordionitem", "pk": 38, "fields": {"title": "IntelPIM", "body": "Streamlining E-Commerce by Bridging the Gap Between Distributors and Retailers using Intelpim."}}, {"model": "bulqsoftDjango.accordionitem", "pk": 39, "fields": {"title": "Adjunqy", "body": "Designed to help you create personalized marketing campaigns and reach your target audience in the e-commerce ecosystem."}}, {"model": "bulqsoftDjango.accordionitem", "pk": 40, "fields": {"title": "BulqPay", "body": "BulqPay's mission is to simplify payment processing for businesses and individuals."}}, {"model": "bulqsoftDjango.accordionitem", "pk": 41, "fields": {"title": "Bulqs", "body": "An all in one e-commerce platform that offers a wide range of products. Easy Payment and Shipment across the world."}}, {"model": "bulqsoftDjango.accordionitem", "pk": 52, "fields": {"title": "Bulqe", "body": "Elevate Your E-commerce by aligning with Digital Trends Capable of supporting your e-commerce/drop shipping ventures."}}, {"model": "bulqsoftDjango.accordionitem", "pk": 53, "fields": {"title": "Intelligent Data Modifier & Connector", "body": "Simplify Your Online Store Listings and Save Time Creating Them with AI-Assisted Bulk Product Specifications system"}}, {"model": "bulqsoftDjango.accordionitem", "pk": 54, "fields": {"title": "IntelPIM", "body": "Streamlining E-Commerce by Bridging the Gap Between Distributors and Retailers using Intelpim."}}, {"model": "bulqsoftDjango.accordionitem", "pk": 55, "fields": {"title": "Adjunqy", "body": "Designed to help you create personalized marketing campaigns and reach your target audience in the e-commerce ecosystem."}}, {"model": "bulqsoftDjango.accordionitem", "pk": 56, "fields": {"title": "BulqPay", "body": "BulqPay's mission is to simplify payment processing for businesses and individuals."}}, {"model": "bulqsoftDjango.accordionitem", "pk": 57, "fields": {"title": "Bulqs", "body": "An all in one e-commerce platform that offers a wide range of products. Easy Payment and Shipment across the world."}}, {"model": "bulqsoftDjango.bannerslider", "pk": 58, "fields": {}}, {"model": "bulqsoftDjango.bannerslide", "pk": 1, "fields": {"slider": 58, "title": "Unlock full potential of your product info", "label": "PIM Solution", "image": 1, "shown": false}}, {"model": "bulqsoftDjango.bannerslide", "pk": 2, "fields": {"slider": 58, "title": "AI Solutions for businesses of all sizes", "label": "AI Integration", "image": 2, "shown": true}}, {"model": "bulqsoftDjango.bannerslide", "pk": 3, "fields": {"slider": 58, "title": "Experience the power of automation", "label": "ERP & CRM Solution", "image": 3, "shown": true}}, {"model": "bulqsoftDjango.bannerslide", "pk": 4, "fields": {"slider": 58, "title": "Expertly crafted websites for your business", "label": "Web Development", "image": 4, "shown": true}}]